file,class,type,cbo,cboModified,fanin,fanout,wmc,dit,noc,rfc,lcom,lcom*,tcc,lcc,totalMethodsQty,staticMethodsQty,publicMethodsQty,privateMethodsQty,protectedMethodsQty,defaultMethodsQty,visibleMethodsQty,abstractMethodsQty,finalMethodsQty,synchronizedMethodsQty,totalFieldsQty,staticFieldsQty,publicFieldsQty,privateFieldsQty,protectedFieldsQty,defaultFieldsQty,finalFieldsQty,synchronizedFieldsQty,nosi,loc,returnQty,loopQty,comparisonsQty,tryCatchQty,parenthesizedExpsQty,stringLiteralsQty,numbersQty,assignmentsQty,mathOperationsQty,variablesQty,maxNestedBlocksQty,anonymousClassesQty,innerClassesQty,lambdasQty,uniqueWordsQty,modifiers,logStatementsQty
C:\Users\HP-Eli\CyberSecurity-Management-in-Healthcare-Application-Engineering-Development--master\CyberSecurity-Management-in-Healthcare-Application-Engineering-Development--master\Proj\src\Business\Person\VitalSignHistory.java,Business.Person.VitalSignHistory,class,1,5,4,1,5,1,0,2,0,0.0,1.0,1.0,5,0,5,0,0,0,5,0,0,0,1,0,0,1,0,0,0,0,0,18,1,0,0,0,0,0,0,2,0,1,0,0,0,0,10,1,0
C:\Users\HP-Eli\CyberSecurity-Management-in-Healthcare-Application-Engineering-Development--master\CyberSecurity-Management-in-Healthcare-Application-Engineering-Development--master\Proj\src\userinterface\DoctorRole\DocToPatientExaminationJPanel.java,userinterface.DoctorRole.DocToPatientExaminationJPanel,class,19,23,4,19,64,5,0,82,7,0.8095238,NaN,NaN,7,0,1,6,0,0,1,0,0,0,27,0,0,25,0,2,0,0,27,256,5,2,4,0,43,47,172,57,1,47,6,2,0,0,149,1,0
C:\Users\HP-Eli\CyberSecurity-Management-in-Healthcare-Application-Engineering-Development--master\CyberSecurity-Management-in-Healthcare-Application-Engineering-Development--master\Proj\src\userinterface\InfoSecOfficerRole\RequestThreatAnalysisJPanel.java,userinterface.InfoSecOfficerRole.RequestThreatAnalysisJPanel$Anonymous3,anonymous,1,1,0,1,1,1,0,1,0,0.0,NaN,NaN,1,0,1,0,0,0,1,0,0,0,0,0,0,0,0,0,0,0,0,5,0,0,0,0,0,0,0,0,0,0,0,0,0,0,6,-1,0
C:\Users\HP-Eli\CyberSecurity-Management-in-Healthcare-Application-Engineering-Development--master\CyberSecurity-Management-in-Healthcare-Application-Engineering-Development--master\Proj\src\userinterface\ReceptionistRole\UpdatePatientInformationJPanel.java,userinterface.ReceptionistRole.UpdatePatientInformationJPanel$Anonymous2,anonymous,1,1,0,1,1,1,0,1,0,0.0,NaN,NaN,1,0,1,0,0,0,1,0,0,0,0,0,0,0,0,0,0,0,0,5,0,0,0,0,0,0,0,0,0,0,0,0,0,0,6,-1,0
C:\Users\HP-Eli\CyberSecurity-Management-in-Healthcare-Application-Engineering-Development--master\CyberSecurity-Management-in-Healthcare-Application-Engineering-Development--master\Proj\src\userinterface\InfoSecOfficerRole\RequestThreatAnalysisJPanel.java,userinterface.InfoSecOfficerRole.RequestThreatAnalysisJPanel$Anonymous4,anonymous,1,1,0,1,1,1,0,1,0,0.0,NaN,NaN,1,0,1,0,0,0,1,0,0,0,0,0,0,0,0,0,0,0,0,5,0,0,0,0,0,0,0,0,0,0,0,0,0,0,7,-1,0
C:\Users\HP-Eli\CyberSecurity-Management-in-Healthcare-Application-Engineering-Development--master\CyberSecurity-Management-in-Healthcare-Application-Engineering-Development--master\Proj\src\userinterface\ReceptionistRole\UpdatePatientInformationJPanel.java,userinterface.ReceptionistRole.UpdatePatientInformationJPanel$Anonymous3,anonymous,1,1,0,1,1,1,0,1,0,0.0,NaN,NaN,1,0,1,0,0,0,1,0,0,0,0,0,0,0,0,0,0,0,0,5,0,0,0,0,0,0,0,0,0,0,0,0,0,0,6,-1,0
C:\Users\HP-Eli\CyberSecurity-Management-in-Healthcare-Application-Engineering-Development--master\CyberSecurity-Management-in-Healthcare-Application-Engineering-Development--master\Proj\src\userinterface\ReceptionistRole\UpdatePatientInformationJPanel.java,userinterface.ReceptionistRole.UpdatePatientInformationJPanel$Anonymous1,anonymous,1,1,0,1,1,1,0,1,0,0.0,NaN,NaN,1,0,1,0,0,0,1,0,0,0,0,0,0,0,0,0,0,0,0,5,0,0,0,0,0,0,0,0,0,0,0,0,0,0,6,-1,0
C:\Users\HP-Eli\CyberSecurity-Management-in-Healthcare-Application-Engineering-Development--master\CyberSecurity-Management-in-Healthcare-Application-Engineering-Development--master\Proj\src\userinterface\ReceptionistRole\UpdatePatientInformationJPanel.java,userinterface.ReceptionistRole.UpdatePatientInformationJPanel$Anonymous4,anonymous,1,1,0,1,1,1,0,1,0,0.0,NaN,NaN,1,0,1,0,0,0,1,0,0,0,0,0,0,0,0,0,0,0,0,5,0,0,0,0,0,0,0,0,0,0,0,0,0,0,7,-1,0
C:\Users\HP-Eli\CyberSecurity-Management-in-Healthcare-Application-Engineering-Development--master\CyberSecurity-Management-in-Healthcare-Application-Engineering-Development--master\Proj\src\userinterface\ConfigurationMangerRole\ManageUserAccount.java,userinterface.ConfigurationMangerRole.ManageUserAccount$Anonymous2,anonymous,1,1,0,1,1,1,0,1,0,0.0,NaN,NaN,1,0,1,0,0,0,1,0,0,0,0,0,0,0,0,0,0,0,0,5,0,0,0,0,0,0,0,0,0,0,0,0,0,0,8,-1,0
C:\Users\HP-Eli\CyberSecurity-Management-in-Healthcare-Application-Engineering-Development--master\CyberSecurity-Management-in-Healthcare-Application-Engineering-Development--master\Proj\src\userinterface\ConfigurationMangerRole\ManageUserAccount.java,userinterface.ConfigurationMangerRole.ManageUserAccount$Anonymous3,anonymous,1,1,0,1,1,1,0,1,0,0.0,NaN,NaN,1,0,1,0,0,0,1,0,0,0,0,0,0,0,0,0,0,0,0,5,0,0,0,0,0,0,0,0,0,0,0,0,0,0,8,-1,0
C:\Users\HP-Eli\CyberSecurity-Management-in-Healthcare-Application-Engineering-Development--master\CyberSecurity-Management-in-Healthcare-Application-Engineering-Development--master\Proj\src\userinterface\ConfigurationMangerRole\ManageUserAccount.java,userinterface.ConfigurationMangerRole.ManageUserAccount$Anonymous4,anonymous,1,1,0,1,1,1,0,1,0,0.0,NaN,NaN,1,0,1,0,0,0,1,0,0,0,0,0,0,0,0,0,0,0,0,5,0,0,0,0,0,0,0,0,0,0,0,0,0,0,8,-1,0
C:\Users\HP-Eli\CyberSecurity-Management-in-Healthcare-Application-Engineering-Development--master\CyberSecurity-Management-in-Healthcare-Application-Engineering-Development--master\Proj\src\userinterface\ConfigurationMangerRole\ManageUserAccount.java,userinterface.ConfigurationMangerRole.ManageUserAccount$Anonymous5,anonymous,1,1,0,1,2,1,0,0,1,0.5,0.0,0.0,2,0,2,0,0,0,2,0,0,0,2,0,0,0,0,2,0,0,0,10,2,0,0,0,0,0,0,2,0,2,0,0,0,0,11,-1,0
C:\Users\HP-Eli\CyberSecurity-Management-in-Healthcare-Application-Engineering-Development--master\CyberSecurity-Management-in-Healthcare-Application-Engineering-Development--master\Proj\src\userinterface\InfoSecOfficerRole\RequestThreatAnalysisJPanel.java,userinterface.InfoSecOfficerRole.RequestThreatAnalysisJPanel$Anonymous1,anonymous,1,1,0,1,2,1,0,0,1,0.5,0.0,0.0,2,0,2,0,0,0,2,0,0,0,2,0,0,0,0,2,0,0,0,10,2,0,0,0,0,0,0,2,0,2,0,0,0,0,11,-1,0
C:\Users\HP-Eli\CyberSecurity-Management-in-Healthcare-Application-Engineering-Development--master\CyberSecurity-Management-in-Healthcare-Application-Engineering-Development--master\Proj\src\userinterface\ConfigurationMangerRole\ManageUserAccount.java,userinterface.ConfigurationMangerRole.ManageUserAccount$Anonymous1,anonymous,1,1,0,1,1,1,0,1,0,0.0,NaN,NaN,1,0,1,0,0,0,1,0,0,0,0,0,0,0,0,0,0,0,0,5,0,0,0,0,0,0,0,0,0,0,0,0,0,0,8,-1,0
C:\Users\HP-Eli\CyberSecurity-Management-in-Healthcare-Application-Engineering-Development--master\CyberSecurity-Management-in-Healthcare-Application-Engineering-Development--master\Proj\src\userinterface\InfoSecOfficerRole\RequestThreatAnalysisJPanel.java,userinterface.InfoSecOfficerRole.RequestThreatAnalysisJPanel$Anonymous2,anonymous,1,1,0,1,1,1,0,1,0,0.0,NaN,NaN,1,0,1,0,0,0,1,0,0,0,0,0,0,0,0,0,0,0,0,5,0,0,0,0,0,0,0,0,0,0,0,0,0,0,8,-1,0
C:\Users\HP-Eli\CyberSecurity-Management-in-Healthcare-Application-Engineering-Development--master\CyberSecurity-Management-in-Healthcare-Application-Engineering-Development--master\Proj\src\userinterface\ConfigurationMangerRole\ManageUserAccount.java,userinterface.ConfigurationMangerRole.ManageUserAccount$Anonymous6,anonymous,1,1,0,1,1,1,0,1,0,0.0,NaN,NaN,1,0,1,0,0,0,1,0,0,0,0,0,0,0,0,0,0,0,0,5,0,0,0,0,0,0,0,0,0,0,0,0,0,0,8,-1,0
C:\Users\HP-Eli\CyberSecurity-Management-in-Healthcare-Application-Engineering-Development--master\CyberSecurity-Management-in-Healthcare-Application-Engineering-Development--master\Proj\src\userinterface\ConfigurationMangerRole\ManageUserAccount.java,userinterface.ConfigurationMangerRole.ManageUserAccount$Anonymous7,anonymous,1,1,0,1,1,1,0,1,0,0.0,NaN,NaN,1,0,1,0,0,0,1,0,0,0,0,0,0,0,0,0,0,0,0,5,0,0,0,0,0,0,0,0,0,0,0,0,0,0,8,-1,0
C:\Users\HP-Eli\CyberSecurity-Management-in-Healthcare-Application-Engineering-Development--master\CyberSecurity-Management-in-Healthcare-Application-Engineering-Development--master\Proj\src\userinterface\ConfigurationMangerRole\ManageUserAccount.java,userinterface.ConfigurationMangerRole.ManageUserAccount$Anonymous8,anonymous,1,1,0,1,1,1,0,1,0,0.0,NaN,NaN,1,0,1,0,0,0,1,0,0,0,0,0,0,0,0,0,0,0,0,5,0,0,0,0,0,0,0,0,0,0,0,0,0,0,7,-1,0
C:\Users\HP-Eli\CyberSecurity-Management-in-Healthcare-Application-Engineering-Development--master\CyberSecurity-Management-in-Healthcare-Application-Engineering-Development--master\Proj\src\userinterface\ReceptionistRole\RequestBookingAppointmentJPanel.java,userinterface.ReceptionistRole.RequestBookingAppointmentJPanel$Anonymous4,anonymous,1,1,0,1,1,1,0,1,0,0.0,NaN,NaN,1,0,1,0,0,0,1,0,0,0,0,0,0,0,0,0,0,0,0,5,0,0,0,0,0,0,0,0,0,0,0,0,0,0,6,-1,0
C:\Users\HP-Eli\CyberSecurity-Management-in-Healthcare-Application-Engineering-Development--master\CyberSecurity-Management-in-Healthcare-Application-Engineering-Development--master\Proj\src\Business\Network\Network.java,Business.Network.Network,class,1,21,20,1,5,1,0,0,2,0.5,0.4,0.4,5,0,5,0,0,0,5,0,0,0,2,0,0,2,0,0,0,0,0,19,3,0,0,0,0,0,0,2,0,2,0,0,0,0,11,1,0
C:\Users\HP-Eli\CyberSecurity-Management-in-Healthcare-Application-Engineering-Development--master\CyberSecurity-Management-in-Healthcare-Application-Engineering-Development--master\Proj\src\userinterface\ReceptionistRole\RequestBookingAppointmentJPanel.java,userinterface.ReceptionistRole.RequestBookingAppointmentJPanel$Anonymous3,anonymous,1,1,0,1,1,1,0,1,0,0.0,NaN,NaN,1,0,1,0,0,0,1,0,0,0,0,0,0,0,0,0,0,0,0,5,0,0,0,0,0,0,0,0,0,0,0,0,0,0,8,-1,0
C:\Users\HP-Eli\CyberSecurity-Management-in-Healthcare-Application-Engineering-Development--master\CyberSecurity-Management-in-Healthcare-Application-Engineering-Development--master\Proj\src\userinterface\LabAssistantRole\LabAssistantWorkAreaJPanel.java,userinterface.LabAssistantRole.LabAssistantWorkAreaJPanel$Anonymous2,anonymous,1,1,0,1,1,1,0,1,0,0.0,NaN,NaN,1,0,1,0,0,0,1,0,0,0,0,0,0,0,0,0,0,0,0,5,0,0,0,0,0,0,0,0,0,0,0,0,0,0,7,-1,0
C:\Users\HP-Eli\CyberSecurity-Management-in-Healthcare-Application-Engineering-Development--master\CyberSecurity-Management-in-Healthcare-Application-Engineering-Development--master\Proj\src\userinterface\ReceptionistRole\RequestBookingAppointmentJPanel.java,userinterface.ReceptionistRole.RequestBookingAppointmentJPanel$Anonymous2,anonymous,1,1,0,1,2,1,0,0,1,0.5,0.0,0.0,2,0,2,0,0,0,2,0,0,0,2,0,0,0,0,2,0,0,0,10,2,0,0,0,0,0,0,2,0,2,0,0,0,0,11,-1,0
C:\Users\HP-Eli\CyberSecurity-Management-in-Healthcare-Application-Engineering-Development--master\CyberSecurity-Management-in-Healthcare-Application-Engineering-Development--master\Proj\src\userinterface\LabAssistantRole\LabAssistantWorkAreaJPanel.java,userinterface.LabAssistantRole.LabAssistantWorkAreaJPanel$Anonymous1,anonymous,1,1,0,1,2,1,0,0,1,0.5,0.0,0.0,2,0,2,0,0,0,2,0,0,0,2,0,0,0,0,2,0,0,0,10,2,0,0,0,0,0,0,2,0,2,0,0,0,0,11,-1,0
C:\Users\HP-Eli\CyberSecurity-Management-in-Healthcare-Application-Engineering-Development--master\CyberSecurity-Management-in-Healthcare-Application-Engineering-Development--master\Proj\src\userinterface\ReceptionistRole\RequestBookingAppointmentJPanel.java,userinterface.ReceptionistRole.RequestBookingAppointmentJPanel$Anonymous1,anonymous,1,1,0,1,1,1,0,1,0,0.0,NaN,NaN,1,0,1,0,0,0,1,0,0,0,0,0,0,0,0,0,0,0,0,5,0,0,0,0,0,0,0,0,0,0,0,0,0,0,7,-1,0
C:\Users\HP-Eli\CyberSecurity-Management-in-Healthcare-Application-Engineering-Development--master\CyberSecurity-Management-in-Healthcare-Application-Engineering-Development--master\Proj\src\userinterface\DoctorRole\ManageBookingRequestJPanel.java,userinterface.DoctorRole.ManageBookingRequestJPanel,class,16,24,8,16,33,5,0,66,2,0.7894737,1.0,1.0,8,0,2,6,0,0,2,0,0,0,19,0,0,19,0,0,0,0,14,240,7,4,12,0,3,40,102,51,0,42,4,6,0,0,141,1,0
C:\Users\HP-Eli\CyberSecurity-Management-in-Healthcare-Application-Engineering-Development--master\CyberSecurity-Management-in-Healthcare-Application-Engineering-Development--master\Proj\src\userinterface\LabAssistantRole\LabAssistantWorkAreaJPanel.java,userinterface.LabAssistantRole.LabAssistantWorkAreaJPanel$Anonymous4,anonymous,1,1,0,1,1,1,0,1,0,0.0,NaN,NaN,1,0,1,0,0,0,1,0,0,0,0,0,0,0,0,0,0,0,0,5,0,0,0,0,0,0,0,0,0,0,0,0,0,0,7,-1,0
C:\Users\HP-Eli\CyberSecurity-Management-in-Healthcare-Application-Engineering-Development--master\CyberSecurity-Management-in-Healthcare-Application-Engineering-Development--master\Proj\src\userinterface\LabAssistantRole\LabAssistantWorkAreaJPanel.java,userinterface.LabAssistantRole.LabAssistantWorkAreaJPanel$Anonymous3,anonymous,1,1,0,1,1,1,0,1,0,0.0,NaN,NaN,1,0,1,0,0,0,1,0,0,0,0,0,0,0,0,0,0,0,0,5,0,0,0,0,0,0,0,0,0,0,0,0,0,0,7,-1,0
C:\Users\HP-Eli\CyberSecurity-Management-in-Healthcare-Application-Engineering-Development--master\CyberSecurity-Management-in-Healthcare-Application-Engineering-Development--master\Proj\src\userinterface\PharamcistRole\PharmacistWorkAreaJPanel.java,userinterface.PharamcistRole.PharmacistWorkAreaJPanel$Anonymous5,anonymous,1,1,0,1,1,1,0,1,0,0.0,NaN,NaN,1,0,1,0,0,0,1,0,0,0,0,0,0,0,0,0,0,0,0,5,0,0,0,0,0,0,0,0,0,0,0,0,0,0,8,-1,0
C:\Users\HP-Eli\CyberSecurity-Management-in-Healthcare-Application-Engineering-Development--master\CyberSecurity-Management-in-Healthcare-Application-Engineering-Development--master\Proj\src\userinterface\ConfigurationMangerRole\ManageOrganization.java,userinterface.ConfigurationMangerRole.ManageOrganization$Anonymous2,anonymous,1,1,0,1,1,1,0,1,0,0.0,NaN,NaN,1,0,1,0,0,0,1,0,0,0,0,0,0,0,0,0,0,0,0,5,0,0,0,0,0,0,0,0,0,0,0,0,0,0,7,-1,0
C:\Users\HP-Eli\CyberSecurity-Management-in-Healthcare-Application-Engineering-Development--master\CyberSecurity-Management-in-Healthcare-Application-Engineering-Development--master\Proj\src\userinterface\PharamcistRole\PharmacistWorkAreaJPanel.java,userinterface.PharamcistRole.PharmacistWorkAreaJPanel$Anonymous1,anonymous,1,1,0,1,1,1,0,1,0,0.0,NaN,NaN,1,0,1,0,0,0,1,0,0,0,0,0,0,0,0,0,0,0,0,5,0,0,0,0,0,0,0,0,0,0,0,0,0,0,7,-1,0
C:\Users\HP-Eli\CyberSecurity-Management-in-Healthcare-Application-Engineering-Development--master\CyberSecurity-Management-in-Healthcare-Application-Engineering-Development--master\Proj\src\userinterface\ConfigurationMangerRole\ManageOrganization.java,userinterface.ConfigurationMangerRole.ManageOrganization$Anonymous1,anonymous,1,1,0,1,2,1,0,0,1,0.5,0.0,0.0,2,0,2,0,0,0,2,0,0,0,2,0,0,0,0,2,0,0,0,10,2,0,0,0,0,0,0,2,0,2,0,0,0,0,11,-1,0
C:\Users\HP-Eli\CyberSecurity-Management-in-Healthcare-Application-Engineering-Development--master\CyberSecurity-Management-in-Healthcare-Application-Engineering-Development--master\Proj\src\userinterface\PharamcistRole\PharmacistWorkAreaJPanel.java,userinterface.PharamcistRole.PharmacistWorkAreaJPanel$Anonymous2,anonymous,1,1,0,1,1,1,0,1,0,0.0,NaN,NaN,1,0,1,0,0,0,1,0,0,0,0,0,0,0,0,0,0,0,0,5,0,0,0,0,0,0,0,0,0,0,0,0,0,0,7,-1,0
C:\Users\HP-Eli\CyberSecurity-Management-in-Healthcare-Application-Engineering-Development--master\CyberSecurity-Management-in-Healthcare-Application-Engineering-Development--master\Proj\src\userinterface\PharamcistRole\PharmacistWorkAreaJPanel.java,userinterface.PharamcistRole.PharmacistWorkAreaJPanel$Anonymous3,anonymous,1,1,0,1,1,1,0,1,0,0.0,NaN,NaN,1,0,1,0,0,0,1,0,0,0,0,0,0,0,0,0,0,0,0,5,0,0,0,0,0,0,0,0,0,0,0,0,0,0,7,-1,0
C:\Users\HP-Eli\CyberSecurity-Management-in-Healthcare-Application-Engineering-Development--master\CyberSecurity-Management-in-Healthcare-Application-Engineering-Development--master\Proj\src\userinterface\ConfigurationMangerRole\ManageOrganization.java,userinterface.ConfigurationMangerRole.ManageOrganization$Anonymous3,anonymous,1,1,0,1,1,1,0,1,0,0.0,NaN,NaN,1,0,1,0,0,0,1,0,0,0,0,0,0,0,0,0,0,0,0,5,0,0,0,0,0,0,0,0,0,0,0,0,0,0,7,-1,0
C:\Users\HP-Eli\CyberSecurity-Management-in-Healthcare-Application-Engineering-Development--master\CyberSecurity-Management-in-Healthcare-Application-Engineering-Development--master\Proj\src\userinterface\PharamcistRole\PharmacistWorkAreaJPanel.java,userinterface.PharamcistRole.PharmacistWorkAreaJPanel$Anonymous4,anonymous,1,1,0,1,2,1,0,0,1,0.5,0.0,0.0,2,0,2,0,0,0,2,0,0,0,2,0,0,0,0,2,0,0,0,10,2,0,0,0,0,0,0,2,0,2,0,0,0,0,11,-1,0
C:\Users\HP-Eli\CyberSecurity-Management-in-Healthcare-Application-Engineering-Development--master\CyberSecurity-Management-in-Healthcare-Application-Engineering-Development--master\Proj\src\Business\Employee\Employee.java,Business.Employee.Employee,class,0,17,17,0,9,1,0,0,24,0.7777778,0.16666667,0.16666667,9,0,9,0,0,0,9,0,0,0,5,1,0,5,0,0,0,0,0,35,5,0,0,0,0,0,1,5,0,5,0,0,0,0,15,1,0
C:\Users\HP-Eli\CyberSecurity-Management-in-Healthcare-Application-Engineering-Development--master\CyberSecurity-Management-in-Healthcare-Application-Engineering-Development--master\Proj\src\userinterface\DoctorRole\DocToPatientExaminationJPanel.java,userinterface.DoctorRole.DocToPatientExaminationJPanel$Anonymous1,anonymous,1,1,0,1,1,1,0,1,0,0.0,NaN,NaN,1,0,1,0,0,0,1,0,0,0,0,0,0,0,0,0,0,0,0,5,0,0,0,0,0,0,0,0,0,0,0,0,0,0,6,-1,0
C:\Users\HP-Eli\CyberSecurity-Management-in-Healthcare-Application-Engineering-Development--master\CyberSecurity-Management-in-Healthcare-Application-Engineering-Development--master\Proj\src\userinterface\DoctorRole\DocToPatientExaminationJPanel.java,userinterface.DoctorRole.DocToPatientExaminationJPanel$Anonymous2,anonymous,1,1,0,1,1,1,0,1,0,0.0,NaN,NaN,1,0,1,0,0,0,1,0,0,0,0,0,0,0,0,0,0,0,0,5,0,0,0,0,0,0,0,0,0,0,0,0,0,0,7,-1,0
C:\Users\HP-Eli\CyberSecurity-Management-in-Healthcare-Application-Engineering-Development--master\CyberSecurity-Management-in-Healthcare-Application-Engineering-Development--master\Proj\src\userinterface\PharamcistRole\ProcessWorkRequestJPanel.java,userinterface.PharamcistRole.ProcessWorkRequestJPanel$Anonymous1,anonymous,1,1,0,1,1,1,0,1,0,0.0,NaN,NaN,1,0,1,0,0,0,1,0,0,0,0,0,0,0,0,0,0,0,0,5,0,0,0,0,0,0,0,0,0,0,0,0,0,0,7,-1,0
C:\Users\HP-Eli\CyberSecurity-Management-in-Healthcare-Application-Engineering-Development--master\CyberSecurity-Management-in-Healthcare-Application-Engineering-Development--master\Proj\src\userinterface\PharamcistRole\ProcessWorkRequestJPanel.java,userinterface.PharamcistRole.ProcessWorkRequestJPanel$Anonymous2,anonymous,1,1,0,1,1,1,0,1,0,0.0,NaN,NaN,1,0,1,0,0,0,1,0,0,0,0,0,0,0,0,0,0,0,0,5,0,0,0,0,0,0,0,0,0,0,0,0,0,0,7,-1,0
C:\Users\HP-Eli\CyberSecurity-Management-in-Healthcare-Application-Engineering-Development--master\CyberSecurity-Management-in-Healthcare-Application-Engineering-Development--master\Proj\src\Business\WorkQueue\WorkRequest.java,Business.WorkQueue.WorkRequest,class,1,19,18,1,14,1,4,0,71,0.8333333,0.10989011,0.10989011,14,0,14,0,0,0,14,0,0,0,6,0,0,6,0,0,0,0,0,50,7,0,0,0,0,0,0,7,0,6,0,0,0,0,21,1,0
C:\Users\HP-Eli\CyberSecurity-Management-in-Healthcare-Application-Engineering-Development--master\CyberSecurity-Management-in-Healthcare-Application-Engineering-Development--master\Proj\src\userinterface\ReceptionistRole\RequestBookingAppointmentJPanel.java,userinterface.ReceptionistRole.RequestBookingAppointmentJPanel,class,13,18,5,13,20,5,0,74,9,0.80158716,1.0,1.0,7,0,2,5,0,0,2,0,0,0,18,0,0,14,0,4,0,0,9,195,3,5,3,0,2,38,100,39,1,30,2,4,0,0,116,1,0
C:\Users\HP-Eli\CyberSecurity-Management-in-Healthcare-Application-Engineering-Development--master\CyberSecurity-Management-in-Healthcare-Application-Engineering-Development--master\Proj\src\userinterface\DoctorRole\ManageBookingRequestJPanel.java,userinterface.DoctorRole.ManageBookingRequestJPanel$Anonymous2,anonymous,1,1,0,1,1,1,0,1,0,0.0,NaN,NaN,1,0,1,0,0,0,1,0,0,0,0,0,0,0,0,0,0,0,0,5,0,0,0,0,0,0,0,0,0,0,0,0,0,0,7,-1,0
C:\Users\HP-Eli\CyberSecurity-Management-in-Healthcare-Application-Engineering-Development--master\CyberSecurity-Management-in-Healthcare-Application-Engineering-Development--master\Proj\src\Business\Enterprise\Enterprise.java,Business.Enterprise.Enterprise$EnterpriseType,enum,0,0,0,0,3,1,0,0,0,0.0,1.0,1.0,3,0,2,1,0,0,2,0,0,0,1,0,0,1,0,0,0,0,0,11,2,0,0,0,0,2,0,1,0,1,0,0,0,0,10,1,0
C:\Users\HP-Eli\CyberSecurity-Management-in-Healthcare-Application-Engineering-Development--master\CyberSecurity-Management-in-Healthcare-Application-Engineering-Development--master\Proj\src\userinterface\DoctorRole\ManageBookingRequestJPanel.java,userinterface.DoctorRole.ManageBookingRequestJPanel$Anonymous1,anonymous,1,1,0,1,2,1,0,0,1,0.5,0.0,0.0,2,0,2,0,0,0,2,0,0,0,2,0,0,0,0,2,0,0,0,10,2,0,0,0,0,0,0,2,0,2,0,0,0,0,11,-1,0
C:\Users\HP-Eli\CyberSecurity-Management-in-Healthcare-Application-Engineering-Development--master\CyberSecurity-Management-in-Healthcare-Application-Engineering-Development--master\Proj\src\userinterface\DoctorRole\ManageBookingRequestJPanel.java,userinterface.DoctorRole.ManageBookingRequestJPanel$Anonymous4,anonymous,1,1,0,1,1,1,0,1,0,0.0,NaN,NaN,1,0,1,0,0,0,1,0,0,0,0,0,0,0,0,0,0,0,0,5,0,0,0,0,0,0,0,0,0,0,0,0,0,0,6,-1,0
C:\Users\HP-Eli\CyberSecurity-Management-in-Healthcare-Application-Engineering-Development--master\CyberSecurity-Management-in-Healthcare-Application-Engineering-Development--master\Proj\src\userinterface\DoctorRole\ManageBookingRequestJPanel.java,userinterface.DoctorRole.ManageBookingRequestJPanel$Anonymous3,anonymous,1,1,0,1,1,1,0,1,0,0.0,NaN,NaN,1,0,1,0,0,0,1,0,0,0,0,0,0,0,0,0,0,0,0,5,0,0,0,0,0,0,0,0,0,0,0,0,0,0,7,-1,0
C:\Users\HP-Eli\CyberSecurity-Management-in-Healthcare-Application-Engineering-Development--master\CyberSecurity-Management-in-Healthcare-Application-Engineering-Development--master\Proj\src\userinterface\ConfigurationMangerRole\ConfigurationManagerWorkAreaJPanel.java,userinterface.ConfigurationMangerRole.ConfigurationManagerWorkAreaJPanel,class,8,15,7,8,10,5,0,38,0,0.7980769,0.0,0.0,8,0,1,6,1,0,2,0,0,0,13,0,0,7,0,6,0,0,6,128,1,1,0,1,0,21,69,27,0,27,2,4,0,0,102,1,0
C:\Users\HP-Eli\CyberSecurity-Management-in-Healthcare-Application-Engineering-Development--master\CyberSecurity-Management-in-Healthcare-Application-Engineering-Development--master\Proj\src\userinterface\DoctorRole\ManageBookingRequestJPanel.java,userinterface.DoctorRole.ManageBookingRequestJPanel$Anonymous6,anonymous,1,1,0,1,1,1,0,1,0,0.0,NaN,NaN,1,0,1,0,0,0,1,0,0,0,0,0,0,0,0,0,0,0,0,5,0,0,0,0,0,0,0,0,0,0,0,0,0,0,7,-1,0
C:\Users\HP-Eli\CyberSecurity-Management-in-Healthcare-Application-Engineering-Development--master\CyberSecurity-Management-in-Healthcare-Application-Engineering-Development--master\Proj\src\userinterface\DoctorRole\ManageBookingRequestJPanel.java,userinterface.DoctorRole.ManageBookingRequestJPanel$Anonymous5,anonymous,1,1,0,1,1,1,0,1,0,0.0,NaN,NaN,1,0,1,0,0,0,1,0,0,0,0,0,0,0,0,0,0,0,0,5,0,0,0,0,0,0,0,0,0,0,0,0,0,0,8,-1,0
C:\Users\HP-Eli\CyberSecurity-Management-in-Healthcare-Application-Engineering-Development--master\CyberSecurity-Management-in-Healthcare-Application-Engineering-Development--master\Proj\src\userinterface\Mainframe.java,userinterface.Mainframe$Anonymous2,anonymous,1,1,0,1,1,1,0,1,0,0.0,NaN,NaN,1,0,1,0,0,0,1,0,0,0,0,0,0,0,0,0,0,0,0,5,0,0,0,0,0,0,0,0,0,0,0,0,0,0,6,-1,0
C:\Users\HP-Eli\CyberSecurity-Management-in-Healthcare-Application-Engineering-Development--master\CyberSecurity-Management-in-Healthcare-Application-Engineering-Development--master\Proj\src\userinterface\Mainframe.java,userinterface.Mainframe$Anonymous1,anonymous,1,1,0,1,1,1,0,1,0,0.0,NaN,NaN,1,0,1,0,0,0,1,0,0,0,0,0,0,0,0,0,0,0,0,5,0,0,0,0,0,0,0,0,0,0,0,0,0,0,7,-1,0
C:\Users\HP-Eli\CyberSecurity-Management-in-Healthcare-Application-Engineering-Development--master\CyberSecurity-Management-in-Healthcare-Application-Engineering-Development--master\Proj\src\userinterface\Mainframe.java,userinterface.Mainframe$Anonymous4,anonymous,1,1,0,1,1,1,0,1,0,0.0,NaN,NaN,1,0,1,0,0,0,1,0,0,0,0,0,0,0,0,0,0,0,0,5,0,0,0,0,0,0,0,0,0,0,0,0,0,0,6,-1,0
C:\Users\HP-Eli\CyberSecurity-Management-in-Healthcare-Application-Engineering-Development--master\CyberSecurity-Management-in-Healthcare-Application-Engineering-Development--master\Proj\src\userinterface\Mainframe.java,userinterface.Mainframe$Anonymous3,anonymous,1,1,0,1,1,1,0,1,0,0.0,NaN,NaN,1,0,1,0,0,0,1,0,0,0,0,0,0,0,0,0,0,0,0,5,0,0,0,0,0,0,0,0,0,0,0,0,0,0,7,-1,0
C:\Users\HP-Eli\CyberSecurity-Management-in-Healthcare-Application-Engineering-Development--master\CyberSecurity-Management-in-Healthcare-Application-Engineering-Development--master\Proj\src\userinterface\DataSecurityRole\DataSecurityWorkAreaJPanel.java,userinterface.DataSecurityRole.DataSecurityWorkAreaJPanel$Anonymous5,anonymous,1,1,0,1,1,1,0,1,0,0.0,NaN,NaN,1,0,1,0,0,0,1,0,0,0,0,0,0,0,0,0,0,0,0,5,0,0,0,0,0,0,0,0,0,0,0,0,0,0,8,-1,0
C:\Users\HP-Eli\CyberSecurity-Management-in-Healthcare-Application-Engineering-Development--master\CyberSecurity-Management-in-Healthcare-Application-Engineering-Development--master\Proj\src\userinterface\DataSecurityRole\DataSecurityWorkAreaJPanel.java,userinterface.DataSecurityRole.DataSecurityWorkAreaJPanel$Anonymous1,anonymous,1,1,0,1,1,1,0,1,0,0.0,NaN,NaN,1,0,1,0,0,0,1,0,0,0,0,0,0,0,0,0,0,0,0,5,0,0,0,0,0,0,0,0,0,0,0,0,0,0,7,-1,0
C:\Users\HP-Eli\CyberSecurity-Management-in-Healthcare-Application-Engineering-Development--master\CyberSecurity-Management-in-Healthcare-Application-Engineering-Development--master\Proj\src\userinterface\SystemAdminWorkArea\ManageEnterpriseAdminJPanel.java,userinterface.SystemAdminWorkArea.ManageEnterpriseAdminJPanel,class,16,26,10,16,46,5,0,93,89,0.9205126,NaN,NaN,15,0,1,14,0,0,1,0,0,0,26,0,0,25,0,1,0,0,20,359,11,5,3,2,13,88,171,61,6,55,3,9,0,0,164,1,0
C:\Users\HP-Eli\CyberSecurity-Management-in-Healthcare-Application-Engineering-Development--master\CyberSecurity-Management-in-Healthcare-Application-Engineering-Development--master\Proj\src\userinterface\DataSecurityRole\DataSecurityWorkAreaJPanel.java,userinterface.DataSecurityRole.DataSecurityWorkAreaJPanel$Anonymous2,anonymous,1,1,0,1,1,1,0,1,0,0.0,NaN,NaN,1,0,1,0,0,0,1,0,0,0,0,0,0,0,0,0,0,0,0,5,0,0,0,0,0,0,0,0,0,0,0,0,0,0,7,-1,0
C:\Users\HP-Eli\CyberSecurity-Management-in-Healthcare-Application-Engineering-Development--master\CyberSecurity-Management-in-Healthcare-Application-Engineering-Development--master\Proj\src\userinterface\Mainframe.java,userinterface.Mainframe$Anonymous5,anonymous,1,1,0,1,1,1,0,1,0,0.0,NaN,NaN,1,0,1,0,0,0,1,0,0,0,0,0,0,0,0,0,0,0,0,5,0,0,0,0,0,0,0,0,0,0,0,0,0,0,3,-1,0
C:\Users\HP-Eli\CyberSecurity-Management-in-Healthcare-Application-Engineering-Development--master\CyberSecurity-Management-in-Healthcare-Application-Engineering-Development--master\Proj\src\userinterface\DataSecurityRole\DataSecurityWorkAreaJPanel.java,userinterface.DataSecurityRole.DataSecurityWorkAreaJPanel$Anonymous3,anonymous,1,1,0,1,1,1,0,1,0,0.0,NaN,NaN,1,0,1,0,0,0,1,0,0,0,0,0,0,0,0,0,0,0,0,5,0,0,0,0,0,0,0,0,0,0,0,0,0,0,7,-1,0
C:\Users\HP-Eli\CyberSecurity-Management-in-Healthcare-Application-Engineering-Development--master\CyberSecurity-Management-in-Healthcare-Application-Engineering-Development--master\Proj\src\userinterface\DataSecurityRole\DataSecurityWorkAreaJPanel.java,userinterface.DataSecurityRole.DataSecurityWorkAreaJPanel$Anonymous4,anonymous,1,1,0,1,2,1,0,0,1,0.5,0.0,0.0,2,0,2,0,0,0,2,0,0,0,2,0,0,0,0,2,0,0,0,10,2,0,0,0,0,0,0,2,0,2,0,0,0,0,11,-1,0
C:\Users\HP-Eli\CyberSecurity-Management-in-Healthcare-Application-Engineering-Development--master\CyberSecurity-Management-in-Healthcare-Application-Engineering-Development--master\Proj\src\userinterface\DoctorRole\DoctorWorkAreaJPanel.java,userinterface.DoctorRole.DoctorWorkAreaJPanel,class,6,9,3,6,3,5,0,30,1,0.48148143,NaN,NaN,3,0,1,2,0,0,1,0,0,0,9,0,0,9,0,0,0,0,1,51,0,0,0,0,0,8,34,12,0,12,0,1,0,0,72,1,0
C:\Users\HP-Eli\CyberSecurity-Management-in-Healthcare-Application-Engineering-Development--master\CyberSecurity-Management-in-Healthcare-Application-Engineering-Development--master\Proj\src\Business\Person\PersonDirectory.java,Business.Person.PersonDirectory,class,1,5,4,1,8,1,0,4,0,0.0,1.0,1.0,6,0,6,0,0,0,6,0,0,0,1,0,0,1,0,0,0,0,0,26,3,1,0,0,1,0,0,2,0,1,2,0,0,0,16,1,0
C:\Users\HP-Eli\CyberSecurity-Management-in-Healthcare-Application-Engineering-Development--master\CyberSecurity-Management-in-Healthcare-Application-Engineering-Development--master\Proj\src\Business\Organization\PharmacistOrganization.java,Business.Organization.PharmacistOrganization,class,4,6,2,4,2,2,0,2,1,0.0,0.0,0.0,2,0,2,0,0,0,2,0,0,0,0,0,0,0,0,0,0,0,0,10,1,0,0,0,0,0,0,1,0,1,0,0,0,0,7,1,0
C:\Users\HP-Eli\CyberSecurity-Management-in-Healthcare-Application-Engineering-Development--master\CyberSecurity-Management-in-Healthcare-Application-Engineering-Development--master\Proj\src\Business\Organization\OrganizationDirectory.java,Business.Organization.OrganizationDirectory,class,8,24,16,8,9,1,0,3,0,0.0,1.0,1.0,3,0,3,0,0,0,3,0,0,0,1,0,0,1,0,0,0,0,0,37,2,0,0,0,0,0,0,8,0,2,1,0,0,0,17,1,0
C:\Users\HP-Eli\CyberSecurity-Management-in-Healthcare-Application-Engineering-Development--master\CyberSecurity-Management-in-Healthcare-Application-Engineering-Development--master\Proj\src\userinterface\InfoSecOfficerRole\ViewDirectoryJPanel.java,userinterface.InfoSecOfficerRole.ViewDirectoryJPanel$Anonymous1,anonymous,1,1,0,1,1,1,0,1,0,0.0,NaN,NaN,1,0,1,0,0,0,1,0,0,0,0,0,0,0,0,0,0,0,0,5,0,0,0,0,0,0,0,0,0,0,0,0,0,0,7,-1,0
C:\Users\HP-Eli\CyberSecurity-Management-in-Healthcare-Application-Engineering-Development--master\CyberSecurity-Management-in-Healthcare-Application-Engineering-Development--master\Proj\src\userinterface\InfoSecOfficerRole\ViewDirectoryJPanel.java,userinterface.InfoSecOfficerRole.ViewDirectoryJPanel$Anonymous2,anonymous,1,1,0,1,1,1,0,0,0,0.0,NaN,NaN,1,0,1,0,0,0,1,0,0,0,1,0,0,0,0,1,0,0,0,6,1,0,0,0,0,0,0,1,0,1,0,0,0,0,7,-1,0
C:\Users\HP-Eli\CyberSecurity-Management-in-Healthcare-Application-Engineering-Development--master\CyberSecurity-Management-in-Healthcare-Application-Engineering-Development--master\Proj\src\userinterface\InfoSecOfficerRole\ViewDirectoryJPanel.java,userinterface.InfoSecOfficerRole.ViewDirectoryJPanel$Anonymous3,anonymous,1,1,0,1,1,1,0,1,0,0.0,NaN,NaN,1,0,1,0,0,0,1,0,0,0,0,0,0,0,0,0,0,0,0,5,0,0,0,0,0,0,0,0,0,0,0,0,0,0,6,-1,0
C:\Users\HP-Eli\CyberSecurity-Management-in-Healthcare-Application-Engineering-Development--master\CyberSecurity-Management-in-Healthcare-Application-Engineering-Development--master\Proj\src\userinterface\InfoSecOfficerRole\ViewDirectoryJPanel.java,userinterface.InfoSecOfficerRole.ViewDirectoryJPanel$Anonymous4,anonymous,1,1,0,1,1,1,0,1,0,0.0,NaN,NaN,1,0,1,0,0,0,1,0,0,0,0,0,0,0,0,0,0,0,0,5,0,0,0,0,0,0,0,0,0,0,0,0,0,0,8,-1,0
C:\Users\HP-Eli\CyberSecurity-Management-in-Healthcare-Application-Engineering-Development--master\CyberSecurity-Management-in-Healthcare-Application-Engineering-Development--master\Proj\src\userinterface\InfoSecOfficerRole\InfoSecOfficerWorkAreaJPanel.java,userinterface.InfoSecOfficerRole.InfoSecOfficerWorkAreaJPanel,class,25,33,8,25,18,5,0,75,14,0.8222223,0.0,0.0,9,0,2,7,0,0,2,0,0,0,15,1,0,15,0,0,0,0,9,220,0,2,1,1,0,34,69,45,0,40,2,7,0,0,148,1,0
C:\Users\HP-Eli\CyberSecurity-Management-in-Healthcare-Application-Engineering-Development--master\CyberSecurity-Management-in-Healthcare-Application-Engineering-Development--master\Proj\src\userinterface\InfoSecOfficerRole\ViewDirectoryJPanel.java,userinterface.InfoSecOfficerRole.ViewDirectoryJPanel$Anonymous5,anonymous,1,1,0,1,1,1,0,1,0,0.0,NaN,NaN,1,0,1,0,0,0,1,0,0,0,0,0,0,0,0,0,0,0,0,5,0,0,0,0,0,0,0,0,0,0,0,0,0,0,6,-1,0
C:\Users\HP-Eli\CyberSecurity-Management-in-Healthcare-Application-Engineering-Development--master\CyberSecurity-Management-in-Healthcare-Application-Engineering-Development--master\Proj\src\userinterface\ConfigurationMangerRole\ConfigurationManagerWorkAreaJPanel.java,userinterface.ConfigurationMangerRole.ConfigurationManagerWorkAreaJPanel$Anonymous2,anonymous,1,1,0,1,1,1,0,1,0,0.0,NaN,NaN,1,0,1,0,0,0,1,0,0,0,0,0,0,0,0,0,0,0,0,5,0,0,0,0,0,0,0,0,0,0,0,0,0,0,8,-1,0
C:\Users\HP-Eli\CyberSecurity-Management-in-Healthcare-Application-Engineering-Development--master\CyberSecurity-Management-in-Healthcare-Application-Engineering-Development--master\Proj\src\userinterface\ConfigurationMangerRole\ConfigurationManagerWorkAreaJPanel.java,userinterface.ConfigurationMangerRole.ConfigurationManagerWorkAreaJPanel$Anonymous3,anonymous,1,1,0,1,1,1,0,1,0,0.0,NaN,NaN,1,0,1,0,0,0,1,0,0,0,0,0,0,0,0,0,0,0,0,5,0,0,0,0,0,0,0,0,0,0,0,0,0,0,7,-1,0
C:\Users\HP-Eli\CyberSecurity-Management-in-Healthcare-Application-Engineering-Development--master\CyberSecurity-Management-in-Healthcare-Application-Engineering-Development--master\Proj\src\Business\Organization\Organization.java,Business.Organization.Organization$Type,enum,0,0,0,0,2,1,0,0,0,0.0,NaN,NaN,2,0,1,1,0,0,1,0,0,0,1,0,0,1,0,0,0,0,0,8,1,0,0,0,0,7,0,1,0,1,0,0,0,0,14,1,0
C:\Users\HP-Eli\CyberSecurity-Management-in-Healthcare-Application-Engineering-Development--master\CyberSecurity-Management-in-Healthcare-Application-Engineering-Development--master\Proj\src\Business\UserAccount\UserAccountDirectory.java,Business.UserAccount.UserAccountDirectory,class,3,13,10,3,11,1,0,12,0,0.0,1.0,1.0,5,0,5,0,0,0,5,0,0,0,1,0,0,1,0,0,0,0,0,32,6,2,0,0,0,2,0,2,0,2,2,0,0,0,27,1,0
C:\Users\HP-Eli\CyberSecurity-Management-in-Healthcare-Application-Engineering-Development--master\CyberSecurity-Management-in-Healthcare-Application-Engineering-Development--master\Proj\src\userinterface\ConfigurationMangerRole\ConfigurationManagerWorkAreaJPanel.java,userinterface.ConfigurationMangerRole.ConfigurationManagerWorkAreaJPanel$Anonymous1,anonymous,1,1,0,1,1,1,0,1,0,0.0,NaN,NaN,1,0,1,0,0,0,1,0,0,0,0,0,0,0,0,0,0,0,0,5,0,0,0,0,0,0,0,0,0,0,0,0,0,0,7,-1,0
C:\Users\HP-Eli\CyberSecurity-Management-in-Healthcare-Application-Engineering-Development--master\CyberSecurity-Management-in-Healthcare-Application-Engineering-Development--master\Proj\src\userinterface\ConfigurationMangerRole\ConfigurationManagerWorkAreaJPanel.java,userinterface.ConfigurationMangerRole.ConfigurationManagerWorkAreaJPanel$Anonymous4,anonymous,1,1,0,1,1,1,0,1,0,0.0,NaN,NaN,1,0,1,0,0,0,1,0,0,0,0,0,0,0,0,0,0,0,0,5,0,0,0,0,0,0,0,0,0,0,0,0,0,0,6,-1,0
C:\Users\HP-Eli\CyberSecurity-Management-in-Healthcare-Application-Engineering-Development--master\CyberSecurity-Management-in-Healthcare-Application-Engineering-Development--master\Proj\src\Business\Organization\InformationSecurityOraganization.java,Business.Organization.InformationSecurityOraganization,class,4,9,5,4,2,2,0,2,1,0.0,0.0,0.0,2,0,2,0,0,0,2,0,0,0,0,0,0,0,0,0,0,0,0,10,1,0,0,0,0,0,0,1,0,1,0,0,0,0,10,1,0
C:\Users\HP-Eli\CyberSecurity-Management-in-Healthcare-Application-Engineering-Development--master\CyberSecurity-Management-in-Healthcare-Application-Engineering-Development--master\Proj\src\userinterface\LabAssistantRole\ProcessWorkRequestJPanel.java,userinterface.LabAssistantRole.ProcessWorkRequestJPanel,class,4,8,4,4,5,5,0,40,2,0.6944444,NaN,NaN,4,0,1,3,0,0,1,0,0,0,9,0,0,7,0,2,0,0,4,81,1,0,0,0,1,17,46,14,1,14,1,2,0,0,76,1,0
C:\Users\HP-Eli\CyberSecurity-Management-in-Healthcare-Application-Engineering-Development--master\CyberSecurity-Management-in-Healthcare-Application-Engineering-Development--master\Proj\src\Business\Role\DoctorRole.java,Business.Role.DoctorRole,class,8,9,1,8,1,2,0,0,0,0.0,NaN,NaN,1,0,1,0,0,0,1,0,0,0,0,0,0,0,0,0,0,0,0,5,1,0,0,0,0,0,0,0,0,0,0,0,0,0,16,1,0
C:\Users\HP-Eli\CyberSecurity-Management-in-Healthcare-Application-Engineering-Development--master\CyberSecurity-Management-in-Healthcare-Application-Engineering-Development--master\Proj\src\userinterface\SystemAdminWorkArea\ManageEnterpriseAdminJPanel.java,userinterface.SystemAdminWorkArea.ManageEnterpriseAdminJPanel$Anonymous9,anonymous,1,1,0,1,1,1,0,1,0,0.0,NaN,NaN,1,0,1,0,0,0,1,0,0,0,0,0,0,0,0,0,0,0,0,5,0,0,0,0,0,0,0,0,0,0,0,0,0,0,8,-1,0
C:\Users\HP-Eli\CyberSecurity-Management-in-Healthcare-Application-Engineering-Development--master\CyberSecurity-Management-in-Healthcare-Application-Engineering-Development--master\Proj\src\Business\DB4OUtil\DB4OUtil.java,Business.DB4OUtil.DB4OUtil,class,7,10,3,7,19,1,0,21,55,0.90909094,0.0,0.0,11,9,7,3,1,0,8,0,0,5,4,4,0,4,0,0,3,0,7,123,10,0,5,3,0,7,6,25,3,22,1,0,0,0,50,1,0
C:\Users\HP-Eli\CyberSecurity-Management-in-Healthcare-Application-Engineering-Development--master\CyberSecurity-Management-in-Healthcare-Application-Engineering-Development--master\Proj\src\userinterface\SystemAdminWorkArea\ManageEnterpriseAdminJPanel.java,userinterface.SystemAdminWorkArea.ManageEnterpriseAdminJPanel$Anonymous8,anonymous,1,1,0,1,1,1,0,1,0,0.0,NaN,NaN,1,0,1,0,0,0,1,0,0,0,0,0,0,0,0,0,0,0,0,5,0,0,0,0,0,0,0,0,0,0,0,0,0,0,8,-1,0
C:\Users\HP-Eli\CyberSecurity-Management-in-Healthcare-Application-Engineering-Development--master\CyberSecurity-Management-in-Healthcare-Application-Engineering-Development--master\Proj\src\userinterface\SystemAdminWorkArea\ManageEnterpriseAdminJPanel.java,userinterface.SystemAdminWorkArea.ManageEnterpriseAdminJPanel$Anonymous7,anonymous,1,1,0,1,1,1,0,1,0,0.0,NaN,NaN,1,0,1,0,0,0,1,0,0,0,0,0,0,0,0,0,0,0,0,5,0,0,0,0,0,0,0,0,0,0,0,0,0,0,8,-1,0
C:\Users\HP-Eli\CyberSecurity-Management-in-Healthcare-Application-Engineering-Development--master\CyberSecurity-Management-in-Healthcare-Application-Engineering-Development--master\Proj\src\userinterface\SystemAdminWorkArea\ManageEnterpriseAdminJPanel.java,userinterface.SystemAdminWorkArea.ManageEnterpriseAdminJPanel$Anonymous6,anonymous,1,1,0,1,1,1,0,1,0,0.0,NaN,NaN,1,0,1,0,0,0,1,0,0,0,0,0,0,0,0,0,0,0,0,5,0,0,0,0,0,0,0,0,0,0,0,0,0,0,8,-1,0
C:\Users\HP-Eli\CyberSecurity-Management-in-Healthcare-Application-Engineering-Development--master\CyberSecurity-Management-in-Healthcare-Application-Engineering-Development--master\Proj\src\userinterface\SystemAdminWorkArea\ManageEnterpriseAdminJPanel.java,userinterface.SystemAdminWorkArea.ManageEnterpriseAdminJPanel$Anonymous5,anonymous,1,1,0,1,1,1,0,0,0,0.0,NaN,NaN,1,0,1,0,0,0,1,0,0,0,1,0,0,0,0,1,0,0,0,6,1,0,0,0,0,0,0,1,0,1,0,0,0,0,7,-1,0
C:\Users\HP-Eli\CyberSecurity-Management-in-Healthcare-Application-Engineering-Development--master\CyberSecurity-Management-in-Healthcare-Application-Engineering-Development--master\Proj\src\userinterface\SystemAdminWorkArea\ManageEnterpriseAdminJPanel.java,userinterface.SystemAdminWorkArea.ManageEnterpriseAdminJPanel$Anonymous4,anonymous,1,1,0,1,1,1,0,1,0,0.0,NaN,NaN,1,0,1,0,0,0,1,0,0,0,0,0,0,0,0,0,0,0,0,5,0,0,0,0,0,0,0,0,0,0,0,0,0,0,7,-1,0
C:\Users\HP-Eli\CyberSecurity-Management-in-Healthcare-Application-Engineering-Development--master\CyberSecurity-Management-in-Healthcare-Application-Engineering-Development--master\Proj\src\userinterface\SystemAdminWorkArea\ManageEnterpriseAdminJPanel.java,userinterface.SystemAdminWorkArea.ManageEnterpriseAdminJPanel$Anonymous3,anonymous,1,1,0,1,1,1,0,1,0,0.0,NaN,NaN,1,0,1,0,0,0,1,0,0,0,0,0,0,0,0,0,0,0,0,5,0,0,0,0,0,0,0,0,0,0,0,0,0,0,8,-1,0
C:\Users\HP-Eli\CyberSecurity-Management-in-Healthcare-Application-Engineering-Development--master\CyberSecurity-Management-in-Healthcare-Application-Engineering-Development--master\Proj\src\userinterface\SystemAdminWorkArea\ManageEnterpriseAdminJPanel.java,userinterface.SystemAdminWorkArea.ManageEnterpriseAdminJPanel$Anonymous2,anonymous,1,1,0,1,1,1,0,1,0,0.0,NaN,NaN,1,0,1,0,0,0,1,0,0,0,0,0,0,0,0,0,0,0,0,5,0,0,0,0,0,0,0,0,0,0,0,0,0,0,8,-1,0
C:\Users\HP-Eli\CyberSecurity-Management-in-Healthcare-Application-Engineering-Development--master\CyberSecurity-Management-in-Healthcare-Application-Engineering-Development--master\Proj\src\userinterface\SystemAdminWorkArea\ManageEnterpriseAdminJPanel.java,userinterface.SystemAdminWorkArea.ManageEnterpriseAdminJPanel$Anonymous1,anonymous,1,1,0,1,1,1,0,1,0,0.0,NaN,NaN,1,0,1,0,0,0,1,0,0,0,0,0,0,0,0,0,0,0,0,5,0,0,0,0,0,0,0,0,0,0,0,0,0,0,7,-1,0
C:\Users\HP-Eli\CyberSecurity-Management-in-Healthcare-Application-Engineering-Development--master\CyberSecurity-Management-in-Healthcare-Application-Engineering-Development--master\Proj\src\Business\Role\ReceptionistRole.java,Business.Role.ReceptionistRole,class,8,9,1,8,1,2,0,0,0,0.0,NaN,NaN,1,0,1,0,0,0,1,0,0,0,0,0,0,0,0,0,0,0,0,5,1,0,0,0,0,0,0,0,0,0,0,0,0,0,16,1,0
C:\Users\HP-Eli\CyberSecurity-Management-in-Healthcare-Application-Engineering-Development--master\CyberSecurity-Management-in-Healthcare-Application-Engineering-Development--master\Proj\src\Business\Enterprise\Enterprise.java,Business.Enterprise.Enterprise,class,4,40,36,4,5,2,2,0,0,0.53333336,0.5,1.0,5,0,5,0,0,0,5,0,0,0,3,0,0,3,0,0,0,0,0,34,3,0,0,0,0,0,0,4,0,3,0,0,1,0,20,1025,0
C:\Users\HP-Eli\CyberSecurity-Management-in-Healthcare-Application-Engineering-Development--master\CyberSecurity-Management-in-Healthcare-Application-Engineering-Development--master\Proj\src\userinterface\LabAssistantRole\LabAssistantWorkAreaJPanel.java,userinterface.LabAssistantRole.LabAssistantWorkAreaJPanel,class,10,16,6,10,13,5,0,54,9,0.79487187,1.0,1.0,6,0,2,4,0,0,2,0,0,0,13,0,0,13,0,0,0,0,9,146,5,1,2,0,0,30,87,26,0,22,1,4,0,0,95,1,0
C:\Users\HP-Eli\CyberSecurity-Management-in-Healthcare-Application-Engineering-Development--master\CyberSecurity-Management-in-Healthcare-Application-Engineering-Development--master\Proj\src\Business\WorkQueue\BookingAppointmentRequest.java,Business.WorkQueue.BookingAppointmentRequest,class,1,4,3,1,4,2,0,0,2,0.5,0.33333334,0.33333334,4,0,4,0,0,0,4,0,0,0,2,0,0,2,0,0,0,0,0,16,2,0,0,0,0,0,0,2,0,2,0,0,0,0,11,1,0
C:\Users\HP-Eli\CyberSecurity-Management-in-Healthcare-Application-Engineering-Development--master\CyberSecurity-Management-in-Healthcare-Application-Engineering-Development--master\Proj\src\userinterface\InfoSecOfficerRole\RequestThreatAnalysisJPanel.java,userinterface.InfoSecOfficerRole.RequestThreatAnalysisJPanel,class,9,14,5,9,12,5,0,56,7,0.7857142,1.0,1.0,6,0,2,4,0,0,2,0,0,0,14,0,0,11,0,3,0,0,6,144,1,2,2,0,1,27,92,27,1,22,2,4,0,0,96,1,0
C:\Users\HP-Eli\CyberSecurity-Management-in-Healthcare-Application-Engineering-Development--master\CyberSecurity-Management-in-Healthcare-Application-Engineering-Development--master\Proj\src\userinterface\Mainframe.java,userinterface.Mainframe,class,16,22,6,16,46,6,0,108,43,0.8727273,0.0,0.0,11,1,3,8,0,0,3,0,0,0,20,1,0,17,0,3,0,0,26,361,3,8,7,6,1,58,85,77,8,56,7,5,0,0,182,1,0
C:\Users\HP-Eli\CyberSecurity-Management-in-Healthcare-Application-Engineering-Development--master\CyberSecurity-Management-in-Healthcare-Application-Engineering-Development--master\Proj\src\userinterface\DataSecurityRole\DataSecurityWorkAreaJPanel.java,userinterface.DataSecurityRole.DataSecurityWorkAreaJPanel,class,10,17,7,10,15,5,0,59,15,0.8303571,1.0,1.0,7,0,2,5,0,0,2,0,0,0,16,0,0,16,0,0,0,0,9,174,6,1,2,0,0,34,88,31,0,27,1,5,0,0,102,1,0
C:\Users\HP-Eli\CyberSecurity-Management-in-Healthcare-Application-Engineering-Development--master\CyberSecurity-Management-in-Healthcare-Application-Engineering-Development--master\Proj\src\Business\ConfigureEcoSystem.java,Business.ConfigureEcoSystem,class,7,8,1,7,1,1,0,5,0,0.0,NaN,NaN,1,1,1,0,0,0,1,0,0,0,0,0,0,0,0,0,0,0,1,8,1,0,0,0,0,5,0,3,0,3,0,0,0,0,13,1,0
C:\Users\HP-Eli\CyberSecurity-Management-in-Healthcare-Application-Engineering-Development--master\CyberSecurity-Management-in-Healthcare-Application-Engineering-Development--master\Proj\src\userinterface\DoctorRole\ViewVitalSignHistoryJPanel.java,userinterface.DoctorRole.ViewVitalSignHistoryJPanel,class,8,16,8,8,19,5,0,63,1,0.86315775,1.0,1.0,10,0,2,8,0,0,2,0,0,0,19,0,0,18,0,1,0,0,10,232,4,5,2,0,0,48,124,41,0,39,2,7,0,0,115,1,0
C:\Users\HP-Eli\CyberSecurity-Management-in-Healthcare-Application-Engineering-Development--master\CyberSecurity-Management-in-Healthcare-Application-Engineering-Development--master\Proj\src\userinterface\ReceptionistRole\NewPatientRegistrationJPanel.java,userinterface.ReceptionistRole.NewPatientRegistrationJPanel$Anonymous1,anonymous,1,1,0,1,1,1,0,1,0,0.0,NaN,NaN,1,0,1,0,0,0,1,0,0,0,0,0,0,0,0,0,0,0,0,5,0,0,0,0,0,0,0,0,0,0,0,0,0,0,6,-1,0
C:\Users\HP-Eli\CyberSecurity-Management-in-Healthcare-Application-Engineering-Development--master\CyberSecurity-Management-in-Healthcare-Application-Engineering-Development--master\Proj\src\Business\WorkQueue\LabTestWorkRequest.java,Business.WorkQueue.LabTestWorkRequest,class,1,5,4,1,4,2,0,0,2,0.5,0.33333334,0.33333334,4,0,4,0,0,0,4,0,0,0,2,0,0,2,0,0,0,0,0,16,2,0,0,0,0,0,0,2,0,2,0,0,0,0,12,1,0
C:\Users\HP-Eli\CyberSecurity-Management-in-Healthcare-Application-Engineering-Development--master\CyberSecurity-Management-in-Healthcare-Application-Engineering-Development--master\Proj\src\userinterface\ReceptionistRole\NewPatientRegistrationJPanel.java,userinterface.ReceptionistRole.NewPatientRegistrationJPanel$Anonymous2,anonymous,1,1,0,1,1,1,0,1,0,0.0,NaN,NaN,1,0,1,0,0,0,1,0,0,0,0,0,0,0,0,0,0,0,0,5,0,0,0,0,0,0,0,0,0,0,0,0,0,0,7,-1,0
C:\Users\HP-Eli\CyberSecurity-Management-in-Healthcare-Application-Engineering-Development--master\CyberSecurity-Management-in-Healthcare-Application-Engineering-Development--master\Proj\src\userinterface\ConfigurationMangerRole\ManageUserAccount.java,userinterface.ConfigurationMangerRole.ManageUserAccount,class,12,21,9,12,48,5,0,84,102,0.9225,0.6666667,1.0,16,0,4,12,0,0,4,0,0,0,25,0,0,24,0,1,0,0,24,388,11,6,5,4,12,98,147,63,10,56,2,8,0,0,154,1,0
C:\Users\HP-Eli\CyberSecurity-Management-in-Healthcare-Application-Engineering-Development--master\CyberSecurity-Management-in-Healthcare-Application-Engineering-Development--master\Proj\src\userinterface\PharamcistRole\PharmacistWorkAreaJPanel.java,userinterface.PharamcistRole.PharmacistWorkAreaJPanel,class,10,17,7,10,15,5,0,57,15,0.83193266,1.0,1.0,7,0,2,5,0,0,2,0,0,0,17,0,0,17,0,0,0,0,10,173,6,1,2,0,0,33,92,32,0,28,1,5,0,0,101,1,0
C:\Users\HP-Eli\CyberSecurity-Management-in-Healthcare-Application-Engineering-Development--master\CyberSecurity-Management-in-Healthcare-Application-Engineering-Development--master\Proj\src\Business\utils\SendMails.java,Business.Utils.SendMails,class,6,10,4,6,6,1,0,15,2,0.6666667,0.33333334,0.33333334,4,0,4,0,0,0,4,0,0,0,9,0,1,8,0,0,0,0,3,63,1,0,0,2,0,13,1,18,1,16,1,0,0,0,38,1,0
C:\Users\HP-Eli\CyberSecurity-Management-in-Healthcare-Application-Engineering-Development--master\CyberSecurity-Management-in-Healthcare-Application-Engineering-Development--master\Proj\src\userinterface\ConfigurationMangerRole\ManageEmployee.java,userinterface.ConfigurationMangerRole.ManageEmployee$Anonymous4,anonymous,1,1,0,1,1,1,0,1,0,0.0,NaN,NaN,1,0,1,0,0,0,1,0,0,0,0,0,0,0,0,0,0,0,0,5,0,0,0,0,0,0,0,0,0,0,0,0,0,0,7,-1,0
C:\Users\HP-Eli\CyberSecurity-Management-in-Healthcare-Application-Engineering-Development--master\CyberSecurity-Management-in-Healthcare-Application-Engineering-Development--master\Proj\src\Business\utils\MyLogger.java,Business.utils.MyLogger,class,1,2,1,1,3,1,0,11,0,0.25,1.0,1.0,2,0,2,0,0,0,2,0,0,0,2,0,0,2,0,0,1,0,2,20,0,0,0,1,0,6,0,4,1,3,1,0,0,0,17,1,1
C:\Users\HP-Eli\CyberSecurity-Management-in-Healthcare-Application-Engineering-Development--master\CyberSecurity-Management-in-Healthcare-Application-Engineering-Development--master\Proj\src\Business\Person\Person.java,Business.Person.Person,class,1,11,10,1,17,1,0,1,110,0.875817,0.09558824,0.11764706,17,0,17,0,0,0,17,0,0,0,9,1,0,9,0,0,0,0,1,64,9,0,0,0,0,0,1,10,0,9,0,0,0,0,28,1,0
C:\Users\HP-Eli\CyberSecurity-Management-in-Healthcare-Application-Engineering-Development--master\CyberSecurity-Management-in-Healthcare-Application-Engineering-Development--master\Proj\src\userinterface\DataSecurityRole\ProcessWorkRequestJPanel.java,userinterface.DataSecurityRole.ProcessWorkRequestJPanel$Anonymous1,anonymous,1,1,0,1,1,1,0,1,0,0.0,NaN,NaN,1,0,1,0,0,0,1,0,0,0,0,0,0,0,0,0,0,0,0,5,0,0,0,0,0,0,0,0,0,0,0,0,0,0,7,-1,0
C:\Users\HP-Eli\CyberSecurity-Management-in-Healthcare-Application-Engineering-Development--master\CyberSecurity-Management-in-Healthcare-Application-Engineering-Development--master\Proj\src\userinterface\DataSecurityRole\ProcessWorkRequestJPanel.java,userinterface.DataSecurityRole.ProcessWorkRequestJPanel$Anonymous2,anonymous,1,1,0,1,1,1,0,1,0,0.0,NaN,NaN,1,0,1,0,0,0,1,0,0,0,0,0,0,0,0,0,0,0,0,5,0,0,0,0,0,0,0,0,0,0,0,0,0,0,7,-1,0
C:\Users\HP-Eli\CyberSecurity-Management-in-Healthcare-Application-Engineering-Development--master\CyberSecurity-Management-in-Healthcare-Application-Engineering-Development--master\Proj\src\userinterface\ConfigurationMangerRole\ManageEmployee.java,userinterface.ConfigurationMangerRole.ManageEmployee$Anonymous1,anonymous,1,1,0,1,2,1,0,0,1,0.5,0.0,0.0,2,0,2,0,0,0,2,0,0,0,2,0,0,0,0,2,0,0,0,10,2,0,0,0,0,0,0,2,0,2,0,0,0,0,11,-1,0
C:\Users\HP-Eli\CyberSecurity-Management-in-Healthcare-Application-Engineering-Development--master\CyberSecurity-Management-in-Healthcare-Application-Engineering-Development--master\Proj\src\Business\Organization\LabOrganization.java,Business.Organization.LabOrganization,class,4,7,3,4,2,2,0,2,1,0.0,0.0,0.0,2,0,2,0,0,0,2,0,0,0,0,0,0,0,0,0,0,0,0,10,1,0,0,0,0,0,0,1,0,1,0,0,0,0,8,1,0
C:\Users\HP-Eli\CyberSecurity-Management-in-Healthcare-Application-Engineering-Development--master\CyberSecurity-Management-in-Healthcare-Application-Engineering-Development--master\Proj\src\userinterface\ConfigurationMangerRole\ManageEmployee.java,userinterface.ConfigurationMangerRole.ManageEmployee$Anonymous3,anonymous,1,1,0,1,1,1,0,1,0,0.0,NaN,NaN,1,0,1,0,0,0,1,0,0,0,0,0,0,0,0,0,0,0,0,5,0,0,0,0,0,0,0,0,0,0,0,0,0,0,8,-1,0
C:\Users\HP-Eli\CyberSecurity-Management-in-Healthcare-Application-Engineering-Development--master\CyberSecurity-Management-in-Healthcare-Application-Engineering-Development--master\Proj\src\userinterface\ConfigurationMangerRole\ManageEmployee.java,userinterface.ConfigurationMangerRole.ManageEmployee$Anonymous2,anonymous,1,1,0,1,1,1,0,1,0,0.0,NaN,NaN,1,0,1,0,0,0,1,0,0,0,0,0,0,0,0,0,0,0,0,5,0,0,0,0,0,0,0,0,0,0,0,0,0,0,7,-1,0
C:\Users\HP-Eli\CyberSecurity-Management-in-Healthcare-Application-Engineering-Development--master\CyberSecurity-Management-in-Healthcare-Application-Engineering-Development--master\Proj\src\userinterface\InfoSecOfficerRole\InfoSecOfficerWorkAreaJPanel.java,userinterface.InfoSecOfficerRole.InfoSecOfficerWorkAreaJPanel$Anonymous1,anonymous,1,1,0,1,1,1,0,1,0,0.0,NaN,NaN,1,0,1,0,0,0,1,0,0,0,0,0,0,0,0,0,0,0,0,5,0,0,0,0,0,0,0,0,0,0,0,0,0,0,6,-1,0
C:\Users\HP-Eli\CyberSecurity-Management-in-Healthcare-Application-Engineering-Development--master\CyberSecurity-Management-in-Healthcare-Application-Engineering-Development--master\Proj\src\userinterface\InfoSecOfficerRole\InfoSecOfficerWorkAreaJPanel.java,userinterface.InfoSecOfficerRole.InfoSecOfficerWorkAreaJPanel$Anonymous2,anonymous,1,1,0,1,1,1,0,1,0,0.0,NaN,NaN,1,0,1,0,0,0,1,0,0,0,0,0,0,0,0,0,0,0,0,5,0,0,0,0,0,0,0,0,0,0,0,0,0,0,8,-1,0
C:\Users\HP-Eli\CyberSecurity-Management-in-Healthcare-Application-Engineering-Development--master\CyberSecurity-Management-in-Healthcare-Application-Engineering-Development--master\Proj\src\userinterface\InfoSecOfficerRole\InfoSecOfficerWorkAreaJPanel.java,userinterface.InfoSecOfficerRole.InfoSecOfficerWorkAreaJPanel$Anonymous3,anonymous,1,1,0,1,1,1,0,1,0,0.0,NaN,NaN,1,0,1,0,0,0,1,0,0,0,0,0,0,0,0,0,0,0,0,5,0,0,0,0,0,0,0,0,0,0,0,0,0,0,6,-1,0
C:\Users\HP-Eli\CyberSecurity-Management-in-Healthcare-Application-Engineering-Development--master\CyberSecurity-Management-in-Healthcare-Application-Engineering-Development--master\Proj\src\userinterface\InfoSecOfficerRole\InfoSecOfficerWorkAreaJPanel.java,userinterface.InfoSecOfficerRole.InfoSecOfficerWorkAreaJPanel$Anonymous4,anonymous,1,1,0,1,1,1,0,1,0,0.0,NaN,NaN,1,0,1,0,0,0,1,0,0,0,0,0,0,0,0,0,0,0,0,5,0,0,0,0,0,0,0,0,0,0,0,0,0,0,6,-1,0
C:\Users\HP-Eli\CyberSecurity-Management-in-Healthcare-Application-Engineering-Development--master\CyberSecurity-Management-in-Healthcare-Application-Engineering-Development--master\Proj\src\userinterface\InfoSecOfficerRole\InfoSecOfficerWorkAreaJPanel.java,userinterface.InfoSecOfficerRole.InfoSecOfficerWorkAreaJPanel$Anonymous5,anonymous,1,1,0,1,1,1,0,1,0,0.0,NaN,NaN,1,0,1,0,0,0,1,0,0,0,0,0,0,0,0,0,0,0,0,5,0,0,0,0,0,0,0,0,0,0,0,0,0,0,6,-1,0
C:\Users\HP-Eli\CyberSecurity-Management-in-Healthcare-Application-Engineering-Development--master\CyberSecurity-Management-in-Healthcare-Application-Engineering-Development--master\Proj\src\userinterface\SystemAdminWorkArea\SystemAdminWorkAreaJPanel.java,userinterface.SystemAdminWorkArea.SystemAdminWorkAreaJPanel$Anonymous1,anonymous,1,1,0,1,1,1,0,1,0,0.0,NaN,NaN,1,0,1,0,0,0,1,0,0,0,0,0,0,0,0,0,0,0,0,5,0,0,0,0,0,0,0,0,0,0,0,0,0,0,8,-1,0
C:\Users\HP-Eli\CyberSecurity-Management-in-Healthcare-Application-Engineering-Development--master\CyberSecurity-Management-in-Healthcare-Application-Engineering-Development--master\Proj\src\userinterface\InfoSecOfficerRole\InfoSecOfficerWorkAreaJPanel.java,userinterface.InfoSecOfficerRole.InfoSecOfficerWorkAreaJPanel$Anonymous6,anonymous,2,2,0,2,6,1,0,16,0,0.0,NaN,NaN,1,0,1,0,0,0,1,0,0,0,0,0,0,0,0,0,0,0,3,30,0,1,0,1,2,2,8,3,1,3,2,0,0,0,22,-1,0
C:\Users\HP-Eli\CyberSecurity-Management-in-Healthcare-Application-Engineering-Development--master\CyberSecurity-Management-in-Healthcare-Application-Engineering-Development--master\Proj\src\userinterface\SystemAdminWorkArea\SystemAdminWorkAreaJPanel.java,userinterface.SystemAdminWorkArea.SystemAdminWorkAreaJPanel$Anonymous2,anonymous,1,1,0,1,1,1,0,1,0,0.0,NaN,NaN,1,0,1,0,0,0,1,0,0,0,0,0,0,0,0,0,0,0,0,5,0,0,0,0,0,0,0,0,0,0,0,0,0,0,8,-1,0
C:\Users\HP-Eli\CyberSecurity-Management-in-Healthcare-Application-Engineering-Development--master\CyberSecurity-Management-in-Healthcare-Application-Engineering-Development--master\Proj\src\userinterface\InfoSecOfficerRole\InfoSecOfficerWorkAreaJPanel.java,userinterface.InfoSecOfficerRole.InfoSecOfficerWorkAreaJPanel$Anonymous7,anonymous,0,0,0,0,1,1,0,0,0,0.0,NaN,NaN,1,0,1,0,0,0,1,0,0,0,0,0,0,0,0,0,0,0,0,5,0,0,0,0,0,0,0,1,0,0,0,0,0,0,7,-1,0
C:\Users\HP-Eli\CyberSecurity-Management-in-Healthcare-Application-Engineering-Development--master\CyberSecurity-Management-in-Healthcare-Application-Engineering-Development--master\Proj\src\userinterface\SystemAdminWorkArea\SystemAdminWorkAreaJPanel.java,userinterface.SystemAdminWorkArea.SystemAdminWorkAreaJPanel$Anonymous3,anonymous,1,1,0,1,1,1,0,1,0,0.0,NaN,NaN,1,0,1,0,0,0,1,0,0,0,0,0,0,0,0,0,0,0,0,5,0,0,0,0,0,0,0,0,0,0,0,0,0,0,8,-1,0
C:\Users\HP-Eli\CyberSecurity-Management-in-Healthcare-Application-Engineering-Development--master\CyberSecurity-Management-in-Healthcare-Application-Engineering-Development--master\Proj\src\userinterface\SystemAdminWorkArea\SystemAdminWorkAreaJPanel.java,userinterface.SystemAdminWorkArea.SystemAdminWorkAreaJPanel$Anonymous4,anonymous,1,1,0,1,1,1,0,1,0,0.0,NaN,NaN,1,0,1,0,0,0,1,0,0,0,0,0,0,0,0,0,0,0,0,5,0,0,0,0,0,0,0,0,0,0,0,0,0,0,6,-1,0
C:\Users\HP-Eli\CyberSecurity-Management-in-Healthcare-Application-Engineering-Development--master\CyberSecurity-Management-in-Healthcare-Application-Engineering-Development--master\Proj\src\userinterface\InfoSecOfficerRole\ViewDirectoryJPanel.java,userinterface.InfoSecOfficerRole.ViewDirectoryJPanel,class,9,15,6,9,34,5,0,80,14,0.83653843,1.0,1.0,8,0,2,6,0,0,2,0,0,0,13,0,0,11,0,2,0,0,15,241,5,7,4,3,2,49,99,49,6,39,3,5,0,0,115,1,0
C:\Users\HP-Eli\CyberSecurity-Management-in-Healthcare-Application-Engineering-Development--master\CyberSecurity-Management-in-Healthcare-Application-Engineering-Development--master\Proj\src\Business\Organization\Organization.java,Business.Organization.Organization,class,4,47,43,4,13,1,8,0,42,0.7820513,0.23076923,0.84615386,13,0,13,0,0,0,13,1,0,0,6,1,0,6,0,0,0,0,0,58,6,0,0,0,0,0,1,11,0,6,0,0,1,0,36,1025,0
C:\Users\HP-Eli\CyberSecurity-Management-in-Healthcare-Application-Engineering-Development--master\CyberSecurity-Management-in-Healthcare-Application-Engineering-Development--master\Proj\src\Business\EcoSystem.java,Business.EcoSystem,class,5,29,24,5,6,2,0,2,4,0.6,0.16666667,0.16666667,5,1,4,1,0,0,4,0,0,0,2,1,0,2,0,0,0,0,0,27,4,0,1,0,0,0,0,4,0,4,1,0,0,0,18,1,0
C:\Users\HP-Eli\CyberSecurity-Management-in-Healthcare-Application-Engineering-Development--master\CyberSecurity-Management-in-Healthcare-Application-Engineering-Development--master\Proj\src\userinterface\PharamcistRole\ProcessWorkRequestJPanel.java,userinterface.PharamcistRole.ProcessWorkRequestJPanel,class,4,8,4,4,5,5,0,41,2,0.6944444,NaN,NaN,4,0,1,3,0,0,1,0,0,0,9,0,0,7,0,2,0,0,4,81,1,0,0,0,1,17,50,14,1,14,1,2,0,0,76,1,0
C:\Users\HP-Eli\CyberSecurity-Management-in-Healthcare-Application-Engineering-Development--master\CyberSecurity-Management-in-Healthcare-Application-Engineering-Development--master\Proj\src\Business\Role\DataSecurityRole.java,Business.Role.DataSecurityRole,class,8,9,1,8,1,2,0,0,0,0.0,NaN,NaN,1,0,1,0,0,0,1,0,0,0,0,0,0,0,0,0,0,0,0,5,1,0,0,0,0,0,0,0,0,0,0,0,0,0,17,1,0
C:\Users\HP-Eli\CyberSecurity-Management-in-Healthcare-Application-Engineering-Development--master\CyberSecurity-Management-in-Healthcare-Application-Engineering-Development--master\Proj\src\userinterface\DoctorRole\DoctorWorkAreaJPanel.java,userinterface.DoctorRole.DoctorWorkAreaJPanel$Anonymous1,anonymous,1,1,0,1,1,1,0,1,0,0.0,NaN,NaN,1,0,1,0,0,0,1,0,0,0,0,0,0,0,0,0,0,0,0,5,0,0,0,0,0,0,0,0,0,0,0,0,0,0,7,-1,0
C:\Users\HP-Eli\CyberSecurity-Management-in-Healthcare-Application-Engineering-Development--master\CyberSecurity-Management-in-Healthcare-Application-Engineering-Development--master\Proj\src\Business\Role\SystemAdminRole.java,Business.Role.SystemAdminRole,class,7,9,2,7,1,2,0,0,0,0.0,NaN,NaN,1,0,1,0,0,0,1,0,0,0,0,0,0,0,0,0,0,0,0,5,1,0,0,0,0,0,0,0,0,0,0,0,0,0,16,1,0
C:\Users\HP-Eli\CyberSecurity-Management-in-Healthcare-Application-Engineering-Development--master\CyberSecurity-Management-in-Healthcare-Application-Engineering-Development--master\Proj\src\userinterface\DoctorRole\RequestLabTestJPanel.java,userinterface.DoctorRole.RequestLabTestJPanel$Anonymous1,anonymous,1,1,0,1,1,1,0,1,0,0.0,NaN,NaN,1,0,1,0,0,0,1,0,0,0,0,0,0,0,0,0,0,0,0,5,0,0,0,0,0,0,0,0,0,0,0,0,0,0,8,-1,0
C:\Users\HP-Eli\CyberSecurity-Management-in-Healthcare-Application-Engineering-Development--master\CyberSecurity-Management-in-Healthcare-Application-Engineering-Development--master\Proj\src\Business\WorkQueue\WorkQueue.java,Business.WorkQueue.WorkQueue,class,1,13,12,1,2,1,0,0,0,0.0,1.0,1.0,2,0,2,0,0,0,2,0,0,0,1,0,0,1,0,0,0,0,0,9,1,0,0,0,0,0,0,1,0,1,0,0,0,0,7,1,0
C:\Users\HP-Eli\CyberSecurity-Management-in-Healthcare-Application-Engineering-Development--master\CyberSecurity-Management-in-Healthcare-Application-Engineering-Development--master\Proj\src\userinterface\DoctorRole\RequestLabTestJPanel.java,userinterface.DoctorRole.RequestLabTestJPanel$Anonymous2,anonymous,1,1,0,1,1,1,0,1,0,0.0,NaN,NaN,1,0,1,0,0,0,1,0,0,0,0,0,0,0,0,0,0,0,0,5,0,0,0,0,0,0,0,0,0,0,0,0,0,0,7,-1,0
C:\Users\HP-Eli\CyberSecurity-Management-in-Healthcare-Application-Engineering-Development--master\CyberSecurity-Management-in-Healthcare-Application-Engineering-Development--master\Proj\src\Business\Role\ConfigurationManagerHospitalRole.java,Business.Role.ConfigurationManagerHospitalRole,class,7,8,1,7,1,2,0,0,0,0.0,NaN,NaN,1,0,1,0,0,0,1,0,0,0,0,0,0,0,0,0,0,0,0,5,1,0,0,0,0,0,0,0,0,0,0,0,0,0,18,1,0
C:\Users\HP-Eli\CyberSecurity-Management-in-Healthcare-Application-Engineering-Development--master\CyberSecurity-Management-in-Healthcare-Application-Engineering-Development--master\Proj\src\userinterface\ConfigurationMangerRole\ViewDirectoryJPanel.java,userinterface.ConfigurationMangerRole.ViewDirectoryJPanel,class,9,16,7,9,27,5,0,68,14,0.8492065,1.0,1.0,9,0,2,7,0,0,2,0,0,0,14,0,0,12,0,2,0,0,14,211,1,3,3,2,1,42,101,47,0,33,3,6,0,0,105,1,0
C:\Users\HP-Eli\CyberSecurity-Management-in-Healthcare-Application-Engineering-Development--master\CyberSecurity-Management-in-Healthcare-Application-Engineering-Development--master\Proj\src\userinterface\ConfigurationMangerRole\ManageEmployee.java,userinterface.ConfigurationMangerRole.ManageEmployee,class,7,12,5,7,17,5,0,60,18,0.85,1.0,1.0,8,0,3,5,0,0,3,0,0,0,20,0,0,20,0,0,0,0,10,185,4,3,2,0,1,41,112,31,0,29,2,4,0,0,104,1,0
C:\Users\HP-Eli\CyberSecurity-Management-in-Healthcare-Application-Engineering-Development--master\CyberSecurity-Management-in-Healthcare-Application-Engineering-Development--master\Proj\src\userinterface\ReceptionistRole\ManagePatientJPanel.java,userinterface.ReceptionistRole.ManagePatientJPanel$Anonymous1,anonymous,1,1,0,1,1,1,0,0,0,0.0,NaN,NaN,1,0,1,0,0,0,1,0,0,0,1,0,0,0,0,1,0,0,0,6,1,0,0,0,0,0,0,1,0,1,0,0,0,0,7,-1,0
C:\Users\HP-Eli\CyberSecurity-Management-in-Healthcare-Application-Engineering-Development--master\CyberSecurity-Management-in-Healthcare-Application-Engineering-Development--master\Proj\src\userinterface\ReceptionistRole\NewPatientRegistrationJPanel.java,userinterface.ReceptionistRole.NewPatientRegistrationJPanel,class,10,14,4,10,15,5,0,57,6,0.78095245,0.0,0.0,5,0,2,3,0,0,2,0,0,0,21,0,0,17,0,4,0,0,8,153,4,1,0,0,6,37,89,31,0,30,2,2,0,0,114,1,0
C:\Users\HP-Eli\CyberSecurity-Management-in-Healthcare-Application-Engineering-Development--master\CyberSecurity-Management-in-Healthcare-Application-Engineering-Development--master\Proj\src\userinterface\ReceptionistRole\ManagePatientJPanel.java,userinterface.ReceptionistRole.ManagePatientJPanel$Anonymous4,anonymous,1,1,0,1,1,1,0,1,0,0.0,NaN,NaN,1,0,1,0,0,0,1,0,0,0,0,0,0,0,0,0,0,0,0,5,0,0,0,0,0,0,0,0,0,0,0,0,0,0,7,-1,0
C:\Users\HP-Eli\CyberSecurity-Management-in-Healthcare-Application-Engineering-Development--master\CyberSecurity-Management-in-Healthcare-Application-Engineering-Development--master\Proj\src\userinterface\ReceptionistRole\ManagePatientJPanel.java,userinterface.ReceptionistRole.ManagePatientJPanel$Anonymous3,anonymous,1,1,0,1,1,1,0,1,0,0.0,NaN,NaN,1,0,1,0,0,0,1,0,0,0,0,0,0,0,0,0,0,0,0,5,0,0,0,0,0,0,0,0,0,0,0,0,0,0,6,-1,0
C:\Users\HP-Eli\CyberSecurity-Management-in-Healthcare-Application-Engineering-Development--master\CyberSecurity-Management-in-Healthcare-Application-Engineering-Development--master\Proj\src\userinterface\ReceptionistRole\ManagePatientJPanel.java,userinterface.ReceptionistRole.ManagePatientJPanel$Anonymous2,anonymous,1,1,0,1,1,1,0,1,0,0.0,NaN,NaN,1,0,1,0,0,0,1,0,0,0,0,0,0,0,0,0,0,0,0,5,0,0,0,0,0,0,0,0,0,0,0,0,0,0,7,-1,0
C:\Users\HP-Eli\CyberSecurity-Management-in-Healthcare-Application-Engineering-Development--master\CyberSecurity-Management-in-Healthcare-Application-Engineering-Development--master\Proj\src\Business\Role\Role.java,Business.Role.Role,class,5,29,24,5,2,1,9,2,1,0.0,0.0,0.0,2,0,2,0,0,0,2,1,0,0,0,0,0,0,0,0,0,0,0,17,1,0,0,0,0,0,0,0,0,0,0,0,1,0,37,1025,0
C:\Users\HP-Eli\CyberSecurity-Management-in-Healthcare-Application-Engineering-Development--master\CyberSecurity-Management-in-Healthcare-Application-Engineering-Development--master\Proj\src\Business\WorkQueue\PharamcyWorkRequest.java,Business.WorkQueue.PharamcyWorkRequest,class,1,4,3,1,4,2,0,0,2,0.5,0.33333334,0.33333334,4,0,4,0,0,0,4,0,0,0,2,0,0,2,0,0,0,0,0,16,2,0,0,0,0,0,0,2,0,2,0,0,0,0,12,1,0
C:\Users\HP-Eli\CyberSecurity-Management-in-Healthcare-Application-Engineering-Development--master\CyberSecurity-Management-in-Healthcare-Application-Engineering-Development--master\Proj\src\userinterface\ConfigurationMangerRole\ManageOrganization.java,userinterface.ConfigurationMangerRole.ManageOrganization,class,6,10,4,6,16,5,0,56,5,0.7820512,NaN,NaN,6,0,1,5,0,0,1,0,0,0,13,0,0,13,0,0,0,0,8,138,1,5,1,0,0,23,87,21,0,19,4,3,0,0,85,1,0
C:\Users\HP-Eli\CyberSecurity-Management-in-Healthcare-Application-Engineering-Development--master\CyberSecurity-Management-in-Healthcare-Application-Engineering-Development--master\Proj\src\userinterface\ConfigurationMangerRole\ViewDirectoryJPanel.java,userinterface.ConfigurationMangerRole.ViewDirectoryJPanel$Anonymous1,anonymous,1,1,0,1,1,1,0,1,0,0.0,NaN,NaN,1,0,1,0,0,0,1,0,0,0,0,0,0,0,0,0,0,0,0,5,0,0,0,0,0,0,0,0,0,0,0,0,0,0,7,-1,0
C:\Users\HP-Eli\CyberSecurity-Management-in-Healthcare-Application-Engineering-Development--master\CyberSecurity-Management-in-Healthcare-Application-Engineering-Development--master\Proj\src\userinterface\ConfigurationMangerRole\ViewDirectoryJPanel.java,userinterface.ConfigurationMangerRole.ViewDirectoryJPanel$Anonymous2,anonymous,1,1,0,1,1,1,0,0,0,0.0,NaN,NaN,1,0,1,0,0,0,1,0,0,0,1,0,0,0,0,1,0,0,0,6,1,0,0,0,0,0,0,1,0,1,0,0,0,0,7,-1,0
C:\Users\HP-Eli\CyberSecurity-Management-in-Healthcare-Application-Engineering-Development--master\CyberSecurity-Management-in-Healthcare-Application-Engineering-Development--master\Proj\src\Business\Role\PharmacistRole.java,Business.Role.PharmacistRole,class,7,8,1,7,1,2,0,0,0,0.0,NaN,NaN,1,0,1,0,0,0,1,0,0,0,0,0,0,0,0,0,0,0,0,5,1,0,0,0,0,0,0,0,0,0,0,0,0,0,16,1,0
C:\Users\HP-Eli\CyberSecurity-Management-in-Healthcare-Application-Engineering-Development--master\CyberSecurity-Management-in-Healthcare-Application-Engineering-Development--master\Proj\src\Business\utils\InactivityListener.java,Business.Utils.InactivityListener,class,1,2,1,1,4,6,0,3,1,0.6666667,0.33333334,0.33333334,3,0,3,0,0,0,3,0,0,0,5,0,0,4,0,1,0,0,1,44,0,1,0,0,0,0,3,8,0,7,1,1,0,0,27,1,0
C:\Users\HP-Eli\CyberSecurity-Management-in-Healthcare-Application-Engineering-Development--master\CyberSecurity-Management-in-Healthcare-Application-Engineering-Development--master\Proj\src\userinterface\ReceptionistRole\ReceptionistWorkAreaJPanel.java,userinterface.ReceptionistRole.ReceptionistWorkAreaJPanel,class,6,10,4,6,4,5,0,31,0,0.6,NaN,NaN,4,0,1,3,0,0,1,0,0,0,10,0,0,9,0,1,0,0,2,70,0,0,0,0,0,12,43,15,0,15,0,2,0,0,73,1,0
C:\Users\HP-Eli\CyberSecurity-Management-in-Healthcare-Application-Engineering-Development--master\CyberSecurity-Management-in-Healthcare-Application-Engineering-Development--master\Proj\src\userinterface\ConfigurationMangerRole\ViewDirectoryJPanel.java,userinterface.ConfigurationMangerRole.ViewDirectoryJPanel$Anonymous3,anonymous,1,1,0,1,1,1,0,1,0,0.0,NaN,NaN,1,0,1,0,0,0,1,0,0,0,0,0,0,0,0,0,0,0,0,5,0,0,0,0,0,0,0,0,0,0,0,0,0,0,8,-1,0
C:\Users\HP-Eli\CyberSecurity-Management-in-Healthcare-Application-Engineering-Development--master\CyberSecurity-Management-in-Healthcare-Application-Engineering-Development--master\Proj\src\userinterface\ConfigurationMangerRole\ViewDirectoryJPanel.java,userinterface.ConfigurationMangerRole.ViewDirectoryJPanel$Anonymous4,anonymous,1,1,0,1,1,1,0,1,0,0.0,NaN,NaN,1,0,1,0,0,0,1,0,0,0,0,0,0,0,0,0,0,0,0,5,0,0,0,0,0,0,0,0,0,0,0,0,0,0,6,-1,0
C:\Users\HP-Eli\CyberSecurity-Management-in-Healthcare-Application-Engineering-Development--master\CyberSecurity-Management-in-Healthcare-Application-Engineering-Development--master\Proj\src\userinterface\DataSecurityRole\ProcessWorkRequestJPanel.java,userinterface.DataSecurityRole.ProcessWorkRequestJPanel,class,4,8,4,4,6,5,0,45,2,0.7083333,NaN,NaN,4,0,1,3,0,0,1,0,0,0,12,0,0,10,0,2,0,0,4,95,1,0,0,0,2,20,60,17,1,17,1,2,0,0,80,1,0
C:\Users\HP-Eli\CyberSecurity-Management-in-Healthcare-Application-Engineering-Development--master\CyberSecurity-Management-in-Healthcare-Application-Engineering-Development--master\Proj\src\userinterface\ConfigurationMangerRole\ViewDirectoryJPanel.java,userinterface.ConfigurationMangerRole.ViewDirectoryJPanel$Anonymous5,anonymous,1,1,0,1,1,1,0,1,0,0.0,NaN,NaN,1,0,1,0,0,0,1,0,0,0,0,0,0,0,0,0,0,0,0,5,0,0,0,0,0,0,0,0,0,0,0,0,0,0,7,-1,0
C:\Users\HP-Eli\CyberSecurity-Management-in-Healthcare-Application-Engineering-Development--master\CyberSecurity-Management-in-Healthcare-Application-Engineering-Development--master\Proj\src\userinterface\ConfigurationMangerRole\ViewDirectoryJPanel.java,userinterface.ConfigurationMangerRole.ViewDirectoryJPanel$Anonymous6,anonymous,1,1,0,1,1,1,0,1,0,0.0,NaN,NaN,1,0,1,0,0,0,1,0,0,0,0,0,0,0,0,0,0,0,0,5,0,0,0,0,0,0,0,0,0,0,0,0,0,0,7,-1,0
C:\Users\HP-Eli\CyberSecurity-Management-in-Healthcare-Application-Engineering-Development--master\CyberSecurity-Management-in-Healthcare-Application-Engineering-Development--master\Proj\src\userinterface\DoctorRole\ViewVitalSignHistoryJPanel.java,userinterface.DoctorRole.ViewVitalSignHistoryJPanel$Anonymous1,anonymous,1,1,0,1,1,1,0,1,0,0.0,NaN,NaN,1,0,1,0,0,0,1,0,0,0,0,0,0,0,0,0,0,0,0,5,0,0,0,0,0,0,0,0,0,0,0,0,0,0,7,-1,0
C:\Users\HP-Eli\CyberSecurity-Management-in-Healthcare-Application-Engineering-Development--master\CyberSecurity-Management-in-Healthcare-Application-Engineering-Development--master\Proj\src\userinterface\DoctorRole\ViewVitalSignHistoryJPanel.java,userinterface.DoctorRole.ViewVitalSignHistoryJPanel$Anonymous2,anonymous,1,1,0,1,1,1,0,1,0,0.0,NaN,NaN,1,0,1,0,0,0,1,0,0,0,0,0,0,0,0,0,0,0,0,5,0,0,0,0,0,0,0,0,0,0,0,0,0,0,5,-1,0
C:\Users\HP-Eli\CyberSecurity-Management-in-Healthcare-Application-Engineering-Development--master\CyberSecurity-Management-in-Healthcare-Application-Engineering-Development--master\Proj\src\userinterface\DoctorRole\ViewVitalSignHistoryJPanel.java,userinterface.DoctorRole.ViewVitalSignHistoryJPanel$Anonymous3,anonymous,1,1,0,1,1,1,0,1,0,0.0,NaN,NaN,1,0,1,0,0,0,1,0,0,0,0,0,0,0,0,0,0,0,0,5,0,0,0,0,0,0,0,0,0,0,0,0,0,0,7,-1,0
C:\Users\HP-Eli\CyberSecurity-Management-in-Healthcare-Application-Engineering-Development--master\CyberSecurity-Management-in-Healthcare-Application-Engineering-Development--master\Proj\src\userinterface\DoctorRole\ManageLabRequestJPanel.java,userinterface.DoctorRole.ManageLabRequestJPanel$Anonymous4,anonymous,1,1,0,1,1,1,0,1,0,0.0,NaN,NaN,1,0,1,0,0,0,1,0,0,0,0,0,0,0,0,0,0,0,0,5,0,0,0,0,0,0,0,0,0,0,0,0,0,0,6,-1,0
C:\Users\HP-Eli\CyberSecurity-Management-in-Healthcare-Application-Engineering-Development--master\CyberSecurity-Management-in-Healthcare-Application-Engineering-Development--master\Proj\src\Business\Enterprise\EnterpriseDirectory.java,Business.Enterprise.EnterpriseDirectory,class,4,11,7,4,5,1,0,1,0,0.0,1.0,1.0,3,0,3,0,0,0,3,0,0,0,1,0,0,1,0,0,0,0,0,21,2,0,2,0,0,0,0,4,0,2,1,0,0,0,14,1,0
C:\Users\HP-Eli\CyberSecurity-Management-in-Healthcare-Application-Engineering-Development--master\CyberSecurity-Management-in-Healthcare-Application-Engineering-Development--master\Proj\src\userinterface\DoctorRole\ManageLabRequestJPanel.java,userinterface.DoctorRole.ManageLabRequestJPanel$Anonymous3,anonymous,1,1,0,1,1,1,0,1,0,0.0,NaN,NaN,1,0,1,0,0,0,1,0,0,0,0,0,0,0,0,0,0,0,0,5,0,0,0,0,0,0,0,0,0,0,0,0,0,0,8,-1,0
C:\Users\HP-Eli\CyberSecurity-Management-in-Healthcare-Application-Engineering-Development--master\CyberSecurity-Management-in-Healthcare-Application-Engineering-Development--master\Proj\src\Business\Employee\EmployeeDirectory.java,Business.Employee.EmployeeDirectory,class,1,10,9,1,7,1,0,7,0,0.0,1.0,1.0,5,0,5,0,0,0,5,0,0,0,1,0,0,1,0,0,0,0,0,28,4,1,0,0,0,1,0,2,0,2,2,0,0,0,20,1,0
C:\Users\HP-Eli\CyberSecurity-Management-in-Healthcare-Application-Engineering-Development--master\CyberSecurity-Management-in-Healthcare-Application-Engineering-Development--master\Proj\src\userinterface\DoctorRole\ViewVitalSignHistoryJPanel.java,userinterface.DoctorRole.ViewVitalSignHistoryJPanel$Anonymous4,anonymous,1,1,0,1,1,1,0,1,0,0.0,NaN,NaN,1,0,1,0,0,0,1,0,0,0,0,0,0,0,0,0,0,0,0,5,0,0,0,0,0,0,0,0,0,0,0,0,0,0,6,-1,0
C:\Users\HP-Eli\CyberSecurity-Management-in-Healthcare-Application-Engineering-Development--master\CyberSecurity-Management-in-Healthcare-Application-Engineering-Development--master\Proj\src\userinterface\DoctorRole\ViewVitalSignHistoryJPanel.java,userinterface.DoctorRole.ViewVitalSignHistoryJPanel$Anonymous5,anonymous,1,1,0,1,1,1,0,0,0,0.0,NaN,NaN,1,0,1,0,0,0,1,0,0,0,1,0,0,0,0,1,0,0,0,6,1,0,0,0,0,0,0,1,0,1,0,0,0,0,7,-1,0
C:\Users\HP-Eli\CyberSecurity-Management-in-Healthcare-Application-Engineering-Development--master\CyberSecurity-Management-in-Healthcare-Application-Engineering-Development--master\Proj\src\userinterface\DoctorRole\ViewVitalSignHistoryJPanel.java,userinterface.DoctorRole.ViewVitalSignHistoryJPanel$Anonymous6,anonymous,1,1,0,1,1,1,0,1,0,0.0,NaN,NaN,1,0,1,0,0,0,1,0,0,0,0,0,0,0,0,0,0,0,0,5,0,0,0,0,0,0,0,0,0,0,0,0,0,0,8,-1,0
C:\Users\HP-Eli\CyberSecurity-Management-in-Healthcare-Application-Engineering-Development--master\CyberSecurity-Management-in-Healthcare-Application-Engineering-Development--master\Proj\src\userinterface\DoctorRole\ViewVitalSignHistoryJPanel.java,userinterface.DoctorRole.ViewVitalSignHistoryJPanel$Anonymous7,anonymous,1,1,0,1,1,1,0,1,0,0.0,NaN,NaN,1,0,1,0,0,0,1,0,0,0,0,0,0,0,0,0,0,0,0,5,0,0,0,0,0,0,0,0,0,0,0,0,0,0,6,-1,0
C:\Users\HP-Eli\CyberSecurity-Management-in-Healthcare-Application-Engineering-Development--master\CyberSecurity-Management-in-Healthcare-Application-Engineering-Development--master\Proj\src\userinterface\SystemAdminWorkArea\ManageNetworkJPanel.java,userinterface.SystemAdminWorkArea.ManageNetworkJPanel,class,5,9,4,5,8,5,0,50,2,0.7454546,NaN,NaN,5,0,1,4,0,0,1,0,0,0,11,0,0,11,0,0,0,0,6,115,2,1,0,0,1,18,67,22,1,21,1,3,0,0,91,1,0
C:\Users\HP-Eli\CyberSecurity-Management-in-Healthcare-Application-Engineering-Development--master\CyberSecurity-Management-in-Healthcare-Application-Engineering-Development--master\Proj\src\Business\Role\LabAssistantRole.java,Business.Role.LabAssistantRole,class,7,8,1,7,1,2,0,0,0,0.0,NaN,NaN,1,0,1,0,0,0,1,0,0,0,0,0,0,0,0,0,0,0,0,5,1,0,0,0,0,0,0,0,0,0,0,0,0,0,17,1,0
C:\Users\HP-Eli\CyberSecurity-Management-in-Healthcare-Application-Engineering-Development--master\CyberSecurity-Management-in-Healthcare-Application-Engineering-Development--master\Proj\src\Business\utils\InactivityListener.java,Business.Utils.InactivityListener$Anonymous1,anonymous,0,0,0,0,5,1,0,9,0,0.0,NaN,NaN,1,0,1,0,0,0,1,0,0,0,0,0,0,0,0,0,0,0,2,23,0,1,2,1,1,2,3,3,1,3,3,0,0,0,27,-1,0
C:\Users\HP-Eli\CyberSecurity-Management-in-Healthcare-Application-Engineering-Development--master\CyberSecurity-Management-in-Healthcare-Application-Engineering-Development--master\Proj\src\Business\Organization\DoctorOrganization.java,Business.Organization.DoctorOrganization,class,4,10,6,4,2,2,0,2,1,0.0,0.0,0.0,2,0,2,0,0,0,2,0,0,0,0,0,0,0,0,0,0,0,0,10,1,0,0,0,0,0,0,1,0,1,0,0,0,0,7,1,0
C:\Users\HP-Eli\CyberSecurity-Management-in-Healthcare-Application-Engineering-Development--master\CyberSecurity-Management-in-Healthcare-Application-Engineering-Development--master\Proj\src\Business\utils\DataGenerator.java,Business.Utils.DataGenerator,class,2,5,3,2,7,1,0,10,3,0.0,0.0,0.0,3,3,3,0,0,0,3,0,0,0,0,0,0,0,0,0,0,0,3,31,4,2,0,0,2,2,7,6,3,5,2,0,0,0,34,1,0
C:\Users\HP-Eli\CyberSecurity-Management-in-Healthcare-Application-Engineering-Development--master\CyberSecurity-Management-in-Healthcare-Application-Engineering-Development--master\Proj\src\userinterface\DoctorRole\ManageLabRequestJPanel.java,userinterface.DoctorRole.ManageLabRequestJPanel$Anonymous2,anonymous,1,1,0,1,1,1,0,1,0,0.0,NaN,NaN,1,0,1,0,0,0,1,0,0,0,0,0,0,0,0,0,0,0,0,5,0,0,0,0,0,0,0,0,0,0,0,0,0,0,8,-1,0
C:\Users\HP-Eli\CyberSecurity-Management-in-Healthcare-Application-Engineering-Development--master\CyberSecurity-Management-in-Healthcare-Application-Engineering-Development--master\Proj\src\userinterface\DoctorRole\ManageLabRequestJPanel.java,userinterface.DoctorRole.ManageLabRequestJPanel$Anonymous1,anonymous,1,1,0,1,2,1,0,0,1,0.5,0.0,0.0,2,0,2,0,0,0,2,0,0,0,2,0,0,0,0,2,0,0,0,10,2,0,0,0,0,0,0,2,0,2,0,0,0,0,11,-1,0
C:\Users\HP-Eli\CyberSecurity-Management-in-Healthcare-Application-Engineering-Development--master\CyberSecurity-Management-in-Healthcare-Application-Engineering-Development--master\Proj\src\Business\Enterprise\HospitalEnterprise.java,Business.Enterprise.HospitalEnterprise,class,2,3,1,2,2,3,0,0,1,0.0,0.0,0.0,2,0,2,0,0,0,2,0,0,0,0,0,0,0,0,0,0,0,0,8,1,0,0,0,0,0,0,0,0,0,0,0,0,0,8,1,0
C:\Users\HP-Eli\CyberSecurity-Management-in-Healthcare-Application-Engineering-Development--master\CyberSecurity-Management-in-Healthcare-Application-Engineering-Development--master\Proj\src\userinterface\SystemAdminWorkArea\ManageEnterpriseJPanel.java,userinterface.SystemAdminWorkArea.ManageEnterpriseJPanel,class,9,13,4,9,17,5,0,64,7,0.80208325,NaN,NaN,6,0,1,5,0,0,1,0,0,0,16,0,0,16,0,0,0,0,9,158,4,5,3,0,3,36,100,31,1,28,2,3,0,0,105,1,0
C:\Users\HP-Eli\CyberSecurity-Management-in-Healthcare-Application-Engineering-Development--master\CyberSecurity-Management-in-Healthcare-Application-Engineering-Development--master\Proj\src\Business\utils\Validations.java,Business.Utils.Validations,class,9,17,8,9,26,1,0,15,28,0.875,0.0,0.0,8,0,8,0,0,0,8,0,0,0,1,0,0,0,0,1,0,0,0,78,17,8,4,0,0,5,0,5,0,2,6,0,0,0,38,1,0
C:\Users\HP-Eli\CyberSecurity-Management-in-Healthcare-Application-Engineering-Development--master\CyberSecurity-Management-in-Healthcare-Application-Engineering-Development--master\Proj\src\Business\Organization\ReceptionistOrganization.java,Business.Organization.ReceptionistOrganization,class,4,9,5,4,2,2,0,2,1,0.0,0.0,0.0,2,0,2,0,0,0,2,0,0,0,0,0,0,0,0,0,0,0,0,10,1,0,0,0,0,0,0,1,0,1,0,0,0,0,7,1,0
C:\Users\HP-Eli\CyberSecurity-Management-in-Healthcare-Application-Engineering-Development--master\CyberSecurity-Management-in-Healthcare-Application-Engineering-Development--master\Proj\src\userinterface\DoctorRole\RequestLabTestJPanel.java,userinterface.DoctorRole.RequestLabTestJPanel,class,11,15,4,11,8,5,0,47,2,0.65909094,NaN,NaN,4,0,1,3,0,0,1,0,0,0,11,0,0,11,0,0,0,0,4,96,1,1,1,0,0,18,50,20,2,19,2,2,0,0,85,1,0
C:\Users\HP-Eli\CyberSecurity-Management-in-Healthcare-Application-Engineering-Development--master\CyberSecurity-Management-in-Healthcare-Application-Engineering-Development--master\Proj\src\Business\Role\Role.java,Business.Role.Role$RoleType,enum,0,0,0,0,3,1,0,0,0,0.0,1.0,1.0,3,0,2,1,0,0,2,0,0,0,1,0,0,1,0,0,0,0,0,11,2,0,0,0,0,9,0,1,0,1,0,0,0,0,23,1,0
C:\Users\HP-Eli\CyberSecurity-Management-in-Healthcare-Application-Engineering-Development--master\CyberSecurity-Management-in-Healthcare-Application-Engineering-Development--master\Proj\src\Business\WorkQueue\DataAnalysisWorkRequest.java,Business.WorkQueue.DataAnalysisWorkRequest,class,1,5,4,1,4,2,0,0,2,0.5,0.33333334,0.33333334,4,0,4,0,0,0,4,0,0,0,2,0,0,2,0,0,0,0,0,16,2,0,0,0,0,0,0,2,0,2,0,0,0,0,13,1,0
C:\Users\HP-Eli\CyberSecurity-Management-in-Healthcare-Application-Engineering-Development--master\CyberSecurity-Management-in-Healthcare-Application-Engineering-Development--master\Proj\src\userinterface\DoctorRole\ManageLabRequestJPanel.java,userinterface.DoctorRole.ManageLabRequestJPanel,class,9,15,6,9,9,5,0,46,5,0.7619047,1.0,1.0,6,0,2,4,0,0,2,0,0,0,14,0,0,14,0,0,0,0,4,125,0,1,1,0,1,21,75,25,0,21,2,4,0,0,89,1,0
C:\Users\HP-Eli\CyberSecurity-Management-in-Healthcare-Application-Engineering-Development--master\CyberSecurity-Management-in-Healthcare-Application-Engineering-Development--master\Proj\src\Business\Enterprise\PharmaceuticalEnterprise.java,Business.Enterprise.PharmaceuticalEnterprise,class,2,3,1,2,2,3,0,0,1,0.0,0.0,0.0,2,0,2,0,0,0,2,0,0,0,0,0,0,0,0,0,0,0,0,8,1,0,0,0,0,0,0,0,0,0,0,0,0,0,8,1,0
C:\Users\HP-Eli\CyberSecurity-Management-in-Healthcare-Application-Engineering-Development--master\CyberSecurity-Management-in-Healthcare-Application-Engineering-Development--master\Proj\src\Business\UserAccount\UserAccount.java,Business.UserAccount.UserAccount,class,3,35,32,3,15,1,0,0,87,0.8571429,0.08571429,0.08571429,15,0,15,0,0,0,15,0,0,0,7,0,0,7,0,0,0,0,0,54,8,0,0,0,0,0,0,7,0,7,0,0,0,0,23,1,0
C:\Users\HP-Eli\CyberSecurity-Management-in-Healthcare-Application-Engineering-Development--master\CyberSecurity-Management-in-Healthcare-Application-Engineering-Development--master\Proj\src\Business\Role\InformationSecurityOfficerRole.java,Business.Role.InformationSecurityOfficerRole,class,8,9,1,8,1,2,0,0,0,0.0,NaN,NaN,1,0,1,0,0,0,1,0,0,0,0,0,0,0,0,0,0,0,0,5,1,0,0,0,0,0,0,0,0,0,0,0,0,0,21,1,0
C:\Users\HP-Eli\CyberSecurity-Management-in-Healthcare-Application-Engineering-Development--master\CyberSecurity-Management-in-Healthcare-Application-Engineering-Development--master\Proj\src\userinterface\ReceptionistRole\ReceptionistWorkAreaJPanel.java,userinterface.ReceptionistRole.ReceptionistWorkAreaJPanel$Anonymous2,anonymous,1,1,0,1,1,1,0,1,0,0.0,NaN,NaN,1,0,1,0,0,0,1,0,0,0,0,0,0,0,0,0,0,0,0,5,0,0,0,0,0,0,0,0,0,0,0,0,0,0,7,-1,0
C:\Users\HP-Eli\CyberSecurity-Management-in-Healthcare-Application-Engineering-Development--master\CyberSecurity-Management-in-Healthcare-Application-Engineering-Development--master\Proj\src\userinterface\ReceptionistRole\ReceptionistWorkAreaJPanel.java,userinterface.ReceptionistRole.ReceptionistWorkAreaJPanel$Anonymous1,anonymous,1,1,0,1,1,1,0,1,0,0.0,NaN,NaN,1,0,1,0,0,0,1,0,0,0,0,0,0,0,0,0,0,0,0,5,0,0,0,0,0,0,0,0,0,0,0,0,0,0,7,-1,0
C:\Users\HP-Eli\CyberSecurity-Management-in-Healthcare-Application-Engineering-Development--master\CyberSecurity-Management-in-Healthcare-Application-Engineering-Development--master\Proj\src\userinterface\SystemAdminWorkArea\ManageNetworkJPanel.java,userinterface.SystemAdminWorkArea.ManageNetworkJPanel$Anonymous1,anonymous,1,1,0,1,2,1,0,0,1,0.5,0.0,0.0,2,0,2,0,0,0,2,0,0,0,2,0,0,0,0,2,0,0,0,10,2,0,0,0,0,0,0,2,0,2,0,0,0,0,12,-1,0
C:\Users\HP-Eli\CyberSecurity-Management-in-Healthcare-Application-Engineering-Development--master\CyberSecurity-Management-in-Healthcare-Application-Engineering-Development--master\Proj\src\userinterface\SystemAdminWorkArea\ManageNetworkJPanel.java,userinterface.SystemAdminWorkArea.ManageNetworkJPanel$Anonymous2,anonymous,1,1,0,1,1,1,0,1,0,0.0,NaN,NaN,1,0,1,0,0,0,1,0,0,0,0,0,0,0,0,0,0,0,0,5,0,0,0,0,0,0,0,0,0,0,0,0,0,0,7,-1,0
C:\Users\HP-Eli\CyberSecurity-Management-in-Healthcare-Application-Engineering-Development--master\CyberSecurity-Management-in-Healthcare-Application-Engineering-Development--master\Proj\src\userinterface\SystemAdminWorkArea\ManageNetworkJPanel.java,userinterface.SystemAdminWorkArea.ManageNetworkJPanel$Anonymous3,anonymous,1,1,0,1,1,1,0,1,0,0.0,NaN,NaN,1,0,1,0,0,0,1,0,0,0,0,0,0,0,0,0,0,0,0,5,0,0,0,0,0,0,0,0,0,0,0,0,0,0,7,-1,0
C:\Users\HP-Eli\CyberSecurity-Management-in-Healthcare-Application-Engineering-Development--master\CyberSecurity-Management-in-Healthcare-Application-Engineering-Development--master\Proj\src\userinterface\SystemAdminWorkArea\SystemAdminWorkAreaJPanel.java,userinterface.SystemAdminWorkArea.SystemAdminWorkAreaJPanel,class,10,19,9,10,11,5,0,60,1,0.78021973,1.0,1.0,7,0,2,5,0,0,2,0,0,0,13,0,0,11,0,2,0,0,3,157,0,3,1,0,0,17,81,38,0,38,3,4,0,0,94,1,0
C:\Users\HP-Eli\CyberSecurity-Management-in-Healthcare-Application-Engineering-Development--master\CyberSecurity-Management-in-Healthcare-Application-Engineering-Development--master\Proj\src\userinterface\SystemAdminWorkArea\ManageEnterpriseJPanel.java,userinterface.SystemAdminWorkArea.ManageEnterpriseJPanel$Anonymous3,anonymous,1,1,0,1,1,1,0,1,0,0.0,NaN,NaN,1,0,1,0,0,0,1,0,0,0,0,0,0,0,0,0,0,0,0,5,0,0,0,0,0,0,0,0,0,0,0,0,0,0,7,-1,0
C:\Users\HP-Eli\CyberSecurity-Management-in-Healthcare-Application-Engineering-Development--master\CyberSecurity-Management-in-Healthcare-Application-Engineering-Development--master\Proj\src\userinterface\SystemAdminWorkArea\ManageEnterpriseJPanel.java,userinterface.SystemAdminWorkArea.ManageEnterpriseJPanel$Anonymous2,anonymous,1,1,0,1,1,1,0,1,0,0.0,NaN,NaN,1,0,1,0,0,0,1,0,0,0,0,0,0,0,0,0,0,0,0,5,0,0,0,0,0,0,0,0,0,0,0,0,0,0,7,-1,0
C:\Users\HP-Eli\CyberSecurity-Management-in-Healthcare-Application-Engineering-Development--master\CyberSecurity-Management-in-Healthcare-Application-Engineering-Development--master\Proj\src\Business\Person\VitalSign.java,Business.Person.VitalSign,class,0,3,3,0,17,1,0,0,116,0.87499994,0.073529415,0.073529415,17,0,17,0,0,0,17,0,0,0,8,0,0,8,0,0,0,0,0,61,9,0,0,0,0,0,0,8,0,8,0,0,0,0,27,1,0
C:\Users\HP-Eli\CyberSecurity-Management-in-Healthcare-Application-Engineering-Development--master\CyberSecurity-Management-in-Healthcare-Application-Engineering-Development--master\Proj\src\userinterface\SystemAdminWorkArea\ManageEnterpriseJPanel.java,userinterface.SystemAdminWorkArea.ManageEnterpriseJPanel$Anonymous1,anonymous,1,1,0,1,1,1,0,0,0,0.0,NaN,NaN,1,0,1,0,0,0,1,0,0,0,1,0,0,0,0,1,0,0,0,6,1,0,0,0,0,0,0,1,0,1,0,0,0,0,7,-1,0
C:\Users\HP-Eli\CyberSecurity-Management-in-Healthcare-Application-Engineering-Development--master\CyberSecurity-Management-in-Healthcare-Application-Engineering-Development--master\Proj\src\userinterface\ReceptionistRole\UpdatePatientInformationJPanel.java,userinterface.ReceptionistRole.UpdatePatientInformationJPanel,class,5,11,6,5,15,5,0,59,11,0.8174603,NaN,NaN,6,0,1,5,0,0,1,0,0,0,21,0,0,18,0,3,0,0,10,175,4,0,0,0,7,31,97,27,1,27,1,4,0,0,98,1,0
C:\Users\HP-Eli\CyberSecurity-Management-in-Healthcare-Application-Engineering-Development--master\CyberSecurity-Management-in-Healthcare-Application-Engineering-Development--master\Proj\src\userinterface\ReceptionistRole\ManagePatientJPanel.java,userinterface.ReceptionistRole.ManagePatientJPanel,class,10,16,6,10,12,5,0,48,0,0.7307692,1.0,1.0,6,0,2,4,0,0,2,0,0,0,13,0,0,9,0,4,0,0,6,136,2,2,1,0,0,20,74,28,0,25,2,4,0,0,95,1,0
C:\Users\HP-Eli\CyberSecurity-Management-in-Healthcare-Application-Engineering-Development--master\CyberSecurity-Management-in-Healthcare-Application-Engineering-Development--master\Proj\src\userinterface\LabAssistantRole\ProcessWorkRequestJPanel.java,userinterface.LabAssistantRole.ProcessWorkRequestJPanel$Anonymous2,anonymous,1,1,0,1,1,1,0,1,0,0.0,NaN,NaN,1,0,1,0,0,0,1,0,0,0,0,0,0,0,0,0,0,0,0,5,0,0,0,0,0,0,0,0,0,0,0,0,0,0,7,-1,0
C:\Users\HP-Eli\CyberSecurity-Management-in-Healthcare-Application-Engineering-Development--master\CyberSecurity-Management-in-Healthcare-Application-Engineering-Development--master\Proj\src\userinterface\LabAssistantRole\ProcessWorkRequestJPanel.java,userinterface.LabAssistantRole.ProcessWorkRequestJPanel$Anonymous1,anonymous,1,1,0,1,1,1,0,1,0,0.0,NaN,NaN,1,0,1,0,0,0,1,0,0,0,0,0,0,0,0,0,0,0,0,5,0,0,0,0,0,0,0,0,0,0,0,0,0,0,7,-1,0
C:\Users\HP-Eli\CyberSecurity-Management-in-Healthcare-Application-Engineering-Development--master\CyberSecurity-Management-in-Healthcare-Application-Engineering-Development--master\Proj\src\Business\Role\ConfigurationManagerPharmaRole.java,Business.Role.ConfigurationManagerPharmaRole,class,7,8,1,7,1,2,0,0,0,0.0,NaN,NaN,1,0,1,0,0,0,1,0,0,0,0,0,0,0,0,0,0,0,0,5,1,0,0,0,0,0,0,0,0,0,0,0,0,0,18,1,0
C:\Users\HP-Eli\CyberSecurity-Management-in-Healthcare-Application-Engineering-Development--master\CyberSecurity-Management-in-Healthcare-Application-Engineering-Development--master\Proj\src\Business\Organization\DataSecurityOrganization.java,Business.Organization.DataSecurityOrganization,class,4,9,5,4,2,2,0,2,1,0.0,0.0,0.0,2,0,2,0,0,0,2,0,0,0,0,0,0,0,0,0,0,0,0,10,1,0,0,0,0,0,0,1,0,1,0,0,0,0,8,1,0
